geo_point_2d;objektkate;objektart;objektname;objektzusa;i_beschr;i_zusinfo;strasse;hausnummer;ort;link;ptl_anschl;p_email;ostwert;hochwert;stadtbeznr;stadtbezbe;statbeznr;statbezibe;ubznr;ubz;sozialrnr;sozialrbe;aktionsrnr;aktionsrbz;kommune
51.51814981173122, 7.513452432171258;XE_SozialEinrichtung;Kindergarten;FABIDO TEK;;;;Akazienstraße;2;Dortmund;;;;396858.24999996304;5708495.179999885;3;Brackel;330;Wambel;332;Breierspfad;063;Wambel;;;Dortmund
51.49028981342134, 7.496074501947489;XE_SozialEinrichtung;Kindergarten;Ev. Elias-Kindergarten;;;;Aldinghofer Straße;19;Dortmund;;;;395588.9099999608;5705421.649999877;5;Hörde;530;Hörde;532;Hörde;082;Hörde;082;Hörde;Dortmund
51.55606245282718, 7.484123562362017;XE_SozialEinrichtung;Kindergarten;EI Sonnenkinderhaus e.V.;;;;Alter Heideweg;31;Dortmund;;;;394910.7799999591;5712753.009999871;1;Eving;120;Eving;124;Kemminghausen;043;Eving I/Kemminghausen;043;Eving I/Kemminghausen;Dortmund
51.51054915687789, 7.496323649750928;XE_SozialEinrichtung;Kindergarten;FABIDO TEK;;;;Am Ostpark;43;Dortmund;;;;395652.489999961;5707674.229999878;30;Innenstadt-Ost;070;Kaiserbrunnen;072;Funkenburg;031;Kaiserbrunnen/Körne/nördl. Gartenstadt;;;Dortmund
51.550753528788604, 7.53777001545863;XE_SozialEinrichtung;Kindergarten;FABIDO TEK;;;;Am Stuckenrodt;2 a;Dortmund;;;;398617.86999996635;5712086.909999896;2;Scharnhorst;260;Alt-Scharnhorst;261;Msa-Siedlung;053;Alt-Scharnhorst;;;Dortmund
51.52771558472682, 7.5414206493205285;XE_SozialEinrichtung;Kindergarten;EI Sternschnuppe Kiga Brackel e.V.;;;;Am Westheck;73;Dortmund;;;;398819.88999996654;5709519.899999899;3;Brackel;320;Brackel;322;Westheck;062;Brackel;;;Dortmund
51.56481502464268, 7.383853211974907;XE_SozialEinrichtung;Kindergarten;FABIDO TEK;;;;Ammerstraße;50;Dortmund;;;;387981.37999994354;5713875.169999811;9;Mengede;920;Mengede;924;Alte Kolonie;123;Nette;123;Nette;Dortmund
51.50988774270427, 7.512158252227661;XE_SozialEinrichtung;Kindergarten;DRK-Kita Wichtelburg;;;;An der Stipskuhle;44;Dortmund;;;;396749.7799999626;5707578.219999883;30;Innenstadt-Ost;080;Westfalendamm;082;Gartenstadt-Nord;031;Kaiserbrunnen/Körne/nördl. Gartenstadt;;;Dortmund
51.49732681391493, 7.561676757583339;XE_SozialEinrichtung;Kindergarten;AWO TEK Aplerbecker Straße;;;;Aplerbecker Straße;484;Dortmund;;;;400158.5499999685;5706112.679999905;4;Aplerbeck;410;Aplerbeck;411;Aplerbecker Straße;071;Aplerbeck;;;Dortmund
51.51461632866037, 7.558629949791109;XE_SozialEinrichtung;Kindergarten;Kath. Kiga St. Nikolaus v.Flüe;;;;Arcostraße;70;Dortmund;;;;399984.92999996856;5708039.529999905;3;Brackel;320;Brackel;328;Funkturmsiedlung;062;Brackel;;;Dortmund
51.52893405674501, 7.580891765716484;XE_SozialEinrichtung;Kindergarten;Kath. Kiga St. Joseph;;;;Asselburgstraße;12;Dortmund;;;;401560.45999997086;5709601.559999912;3;Brackel;310;Asseln;312;Asseln Dorf;061;Asseln;;;Dortmund
51.52878093998617, 7.590739348664405;XE_SozialEinrichtung;Kindergarten;Ev. Kiga Arche Asseln;;;;Asselner Hellweg;163;Dortmund;;;;402243.199999972;5709571.329999919;3;Brackel;310;Asseln;313;Asseln Hellweg;061;Asseln;;;Dortmund
51.466720779012164, 7.495289957450953;XE_SozialEinrichtung;Kindergarten;Kath. Kiga Hl. Geist;;;;Auf den Porten;6;Dortmund;;;;395480.57999996044;5702801.789999876;5;Hörde;560;Wellinghofen;561;Wellinghofen;081;Benninghofen/Hacheney/Wellinghofen/Wichlinghofen;;;Dortmund
51.495896387273326, 7.538063588984527;XE_SozialEinrichtung;Kindergarten;Kath. Kiga St. Bonifatius;;;;Bergparte;2;Dortmund;;;;398516.33999996574;5705986.079999897;4;Aplerbeck;430;Schüren;431;Schüren-Neu;073;Schüren;;;Dortmund
51.49553807642694, 7.538405532150574;XE_SozialEinrichtung;Kindergarten;FABIDO TEK;;;;Bergparte;4;Dortmund;;;;398539.27999996574;5705945.759999896;4;Aplerbeck;430;Schüren;431;Schüren-Neu;073;Schüren;;;Dortmund
51.5088597499372, 7.455223706946688;XE_SozialEinrichtung;Kindergarten;FABIDO TEK;;;;Beurhausstraße;50;Dortmund;;;;392796.54999995476;5707545.7599998545;10;Innenstadt-West;000;City;003;Cityring-West;011;City;;;Dortmund
51.53584708097622, 7.552088904104674;XE_SozialEinrichtung;Kindergarten;Caritas-TEK St. Augustinus;;;;Oester Straße;135;Dortmund;;;;399577.7955861358;5710409.47266638;3;Brackel;320;Brackel;321;Brackeler Feld;062;Brackel;;;Dortmund
51.5404945143381, 7.371391201145945;XE_SozialEinrichtung;Kindergarten;FABIDO TEK;;;;Biehleweg;29;Dortmund;;;;387057.43999994127;5711189.789999801;9;Mengede;960;Westerfilde;960;Westerfilde;121;Bodelschwingh/Westerfilde;121;Bodelschwingh/Westerfilde;Dortmund
51.56134920136333, 7.3752099532885715;XE_SozialEinrichtung;Kindergarten;FABIDO TEK;;;;Breisenbachstraße;24;Dortmund;;;;387373.76999994216;5713503.029999805;9;Mengede;940;Oestrich;940;Oestrich;122;Mengede/Oestrich/Schwieringhausen;;;Dortmund
51.57451038484037, 7.381217023582724;XE_SozialEinrichtung;Kindergarten;Kath. Kiga St. Remigius;;;;Burgring;35;Dortmund;;;;387822.5399999433;5714957.379999807;9;Mengede;920;Mengede;923;Mengede-Mitte;122;Mengede/Oestrich/Schwieringhausen;;;Dortmund
51.56293007252949, 7.365795455799108;XE_SozialEinrichtung;Kindergarten;DRK-Kita Schatzkiste;;;;Castroper Straße;162;Dortmund;;;;386725.1499999404;5713693.369999797;9;Mengede;940;Oestrich;940;Oestrich;122;Mengede/Oestrich/Schwieringhausen;;;Dortmund
51.481598212739904, 7.504627717305555;XE_SozialEinrichtung;Kindergarten;FABIDO TEK;;;;Clarenberg;35-37;Dortmund;;;;396162.949999962;5704442.939999881;5;Hörde;530;Hörde;535;Clarenberg;082;Hörde;082;Hörde;Dortmund
51.545866182076765, 7.428917536753971;XE_SozialEinrichtung;Kindergarten;Ev. Kiga Deusen;;;;Deusener Straße;201 a;Dortmund;;;;391059.43999995105;5711699.899999841;8;Huckarde;810;Deusen;810;Deusen;111;Deusen/Huckarde;;;Dortmund
51.557324861212095, 7.540494754389633;XE_SozialEinrichtung;Kindergarten;DRK-Kiga Wilde Wiese;;;;Droote;22-24;Dortmund;;;;398821.35999996634;5712813.909999897;2;Scharnhorst;270;Scharnhorst-Ost;270;Scharnhorst-Ost;054;Scharnhorst-Ost;054;Scharnhorst-Ost;Dortmund
51.50290661376878, 7.528381469120725;XE_SozialEinrichtung;Kindergarten;Kiga Wirbelwind Dtm. Turngemeinde;;;;Dubliner Weg;8;Dortmund;;;;397859.9399999648;5706779.119999892;4;Aplerbeck;430;Schüren;431;Schüren-Neu;073;Schüren;;;Dortmund
51.52569095480069, 7.478607034732357;XE_SozialEinrichtung;Kindergarten;FABIDO TEK;;;;Dürener Straße;60;Dortmund;;;;394458.1199999585;5709383.479999868;20;Innenstadt-Nord;060;Borsigplatz;061;Borsigplatz;023;Borsigplatz;023;Borsigplatz;Dortmund
51.456721287417885, 7.458028396077458;XE_SozialEinrichtung;Kindergarten;Kath. Kiga St. Patrokli;;;;Dyckhoffsweg;24;Dortmund;;;;392869.0599999552;5701743.649999859;6;Hombruch;670;Kirchhörde-Löttringhausen;674;Kirchhörde-Ost;093;Kirchhörde/Löttringhausen/Lücklemberg;;;Dortmund
51.53824171495847, 7.615295293111122;XE_SozialEinrichtung;Kindergarten;FABIDO TEK;;;;Ebbinghausstraße;53;Dortmund;;;;403966.41999997426;5710590.909999926;3;Brackel;340;Wickede;342;Wickede Dorf;064;Wickede;;;Dortmund
51.5335091232674, 7.461713980893522;XE_SozialEinrichtung;Kindergarten;FABIDO TEK;;;;Eberstraße;39;Dortmund;;;;393304.55999995617;5710277.39999986;20;Innenstadt-Nord;050;Nordmarkt;053;Nordmarkt-West;022;Nordmarkt;022;Nordmarkt;Dortmund
51.47253600501669, 7.597809849054774;XE_SozialEinrichtung;Kindergarten;FABIDO TEK;;;;Edelrosenstraße;16;Dortmund;;;;402613.8199999723;5703307.139999918;4;Aplerbeck;450;Sölderholz;452;Lichtendorf;074;Sölde/Sölderholz;;;Dortmund
51.50882672017281, 7.464218579727087;XE_SozialEinrichtung;Kindergarten;AWO TEK Elisabethstraße;;;;Elisabethstraße;6a;Dortmund;;;;393420.6599999565;5707528.94999986;10;Innenstadt-West;000;City;003;Cityring-West;011;City;;;Dortmund
51.562212749044534, 7.415449085060615;XE_SozialEinrichtung;Kindergarten;EI Gut Königsmühle;;;;Ellinghauser Straße;309;Dortmund;;;;390164.9599999491;5713537.859999834;9;Mengede;950;Schwieringhausen;953;Ellinghausen;122;Mengede/Oestrich/Schwieringhausen;;;Dortmund
51.49462914031568, 7.413382232877676;XE_SozialEinrichtung;Kindergarten;EI HoKiDO e.V.;;;;Emil-Figge-Straße;57;Dortmund;;;;389858.7199999486;5706025.379999831;6;Hombruch;640;Eichlinghofen;642;Universität;091;Barop/Brünninghausen/Hombruch;;;Dortmund
51.55359835416401, 7.46629208215463;XE_SozialEinrichtung;Kindergarten;AWO TEK Evinger Parkweg;;;;Evinger Parkweg;8;Dortmund;;;;393668.9199999568;5712504.759999861;1;Eving;120;Eving;122;Eving;043;Eving I/Kemminghausen;043;Eving I/Kemminghausen;Dortmund
51.580898447453535, 7.46196563261229;XE_SozialEinrichtung;Kindergarten;EI Rappelkiste e.V.;;;;Evinger Straße;600;Dortmund;;;;393432.8399999562;5715546.979999861;1;Eving;110;Brechten;111;Brechten-Nord;041;Brechten/Holthausen;;;Dortmund
51.553714923007426, 7.468056197190316;XE_SozialEinrichtung;Kindergarten;FABIDO TEK;;;;Externberg;14;Dortmund;;;;393791.4899999574;5712515.159999863;1;Eving;120;Eving;122;Eving;043;Eving I/Kemminghausen;043;Eving I/Kemminghausen;Dortmund
51.4759763844371, 7.531491340792024;XE_SozialEinrichtung;Kindergarten;Ev. Kiga Berghofen;;;;Fasanenweg;20;Dortmund;;;;398015.69999996526;5703780.009999894;4;Aplerbeck;420;Berghofen;421;Berghofen Dorf;072;Berghofen;;;Dortmund
51.5030254721772, 7.409507715917795;XE_SozialEinrichtung;Kindergarten;Ev. Kiga Eliaskinder in Oberdorstfeld;;;;Fine Frau;10;Dortmund;;;;389610.0599999478;5706964.919999829;10;Innenstadt-West;030;Dorstfeld;033;Oberdorstfeld;014;Dorstfeld;014;Dorstfeld;Dortmund
51.49778076590716, 7.471652969936691;XE_SozialEinrichtung;Kindergarten;Kita Concept Kita Wölkchen am Westfalenpark;;;;Florianstraße;15-21;Dortmund;;;;393910.9099999574;5706289.789999865;30;Innenstadt-Ost;090;Ruhrallee;092;Ruhrallee Ost;032;Südl. Gartenstadt/Ruhrallee/Westfalendamm;;;Dortmund
51.51293554359355, 7.488403330266083;XE_SozialEinrichtung;Kindergarten;Kath. Kiga St. Franziskus (2 Gruppen);;;;Franziskanerstraße;3;Dortmund;;;;395108.36999995983;5707950.929999872;30;Innenstadt-Ost;070;Kaiserbrunnen;072;Funkenburg;031;Kaiserbrunnen/Körne/nördl. Gartenstadt;;;Dortmund
51.55702500002608, 7.473657567660087;XE_SozialEinrichtung;Kindergarten;FABIDO TEK;;;;Fröbelweg;1-3;Dortmund;;;;394187.48999995814;5712875.139999865;1;Eving;120;Eving;122;Eving;043;Eving I/Kemminghausen;043;Eving I/Kemminghausen;Dortmund
51.52324370992682, 7.365537247786997;XE_SozialEinrichtung;Kindergarten;Kath. Kiga St. Josef;;;;Frohlinder Straße;38 a;Dortmund;;;;386608.63999994023;5709280.489999797;8;Huckarde;840;Kirchlinde;841;Kirchlinde-Alt;112;Rahm/Kirchlinde;;;Dortmund
51.541667476581516, 7.406744406884339;XE_SozialEinrichtung;Kindergarten;Frauenzentrum TEK Fuchteystraße;;;;Fuchteystraße;6;Dortmund;;;;389511.8499999476;5711266.239999827;8;Huckarde;820;Huckarde;821;Mailoh;111;Deusen/Huckarde;;;Dortmund
51.54494117309997, 7.5296405903547985;XE_SozialEinrichtung;Kindergarten;Kath. Kiga St. Immaculata;;;;Gleiwitzstraße;16;Dortmund;;;;398041.2599999649;5711451.839999893;2;Scharnhorst;260;Alt-Scharnhorst;261;Msa-Siedlung;053;Alt-Scharnhorst;;;Dortmund
51.55948038160831, 7.465200901255411;XE_SozialEinrichtung;Kindergarten;Caritas-TEK St. Wendelin;;;;Grävinghoffweg;1-3;Dortmund;;;;393606.99999995675;5713160.459999862;1;Eving;120;Eving;122;Eving;043;Eving I/Kemminghausen;043;Eving I/Kemminghausen;Dortmund
51.556742736106116, 7.4593682990453845;XE_SozialEinrichtung;Kindergarten;EI Rumpelwichte e.V.;;;;Grävingholzstraße;59;Dortmund;;;;393196.2899999559;5712864.519999857;1;Eving;120;Eving;121;Niedereving;042;Lindenhorst/Eving II;042;Lindenhorst/Eving II;Dortmund
51.556742736106116, 7.4593682990453845;XE_SozialEinrichtung;Kindergarten;FABIDO TEK;;;;Grävingholzstraße;59;Dortmund;;;;393196.2899999559;5712864.519999857;1;Eving;120;Eving;121;Niedereving;042;Lindenhorst/Eving II;042;Lindenhorst/Eving II;Dortmund
51.55697263221048, 7.506615990362726;XE_SozialEinrichtung;Kindergarten;Ev. Kiga Kirchderne;;;;Grüggelsort;9 b;Dortmund;;;;396472.0699999621;5712822.149999884;2;Scharnhorst;230;Kirchderne;231;Franz-Zimmer-Siedlung;051;Derne/Hostedde/Kirchderne/Grevel;;;Dortmund
51.5010171511448, 7.474173874319499;XE_SozialEinrichtung;Kindergarten;FABIDO TEK;;;;Hainallee;77;Dortmund;;;;394093.3899999579;5706646.039999865;30;Innenstadt-Ost;090;Ruhrallee;092;Ruhrallee Ost;032;Südl. Gartenstadt/Ruhrallee/Westfalendamm;;;Dortmund
51.45080165448103, 7.490058565001194;XE_SozialEinrichtung;Kindergarten;FABIDO TEK;;;;Am Heisterbach;130;Dortmund;;;;395080.71999995987;5701038.999999874;5;Hörde;570;Wichlinghofen;570;Wichlinghofen;081;Benninghofen/Hacheney/Wellinghofen/Wichlinghofen;;;Dortmund
51.527675629258134, 7.589828346738848;XE_SozialEinrichtung;Kindergarten;EI Kinderland e.V.;;;;Am Petersheck;9;Dortmund;;;;402177.6399999719;5709449.629999918;3;Brackel;310;Asseln;313;Asseln Hellweg;061;Asseln;;;Dortmund
51.49560192641197, 7.530332966460063;XE_SozialEinrichtung;Kindergarten;Nido-Kindergarten;;;;Am Remberg;173;Dortmund;;;;397979.06999996485;5705964.079999894;4;Aplerbeck;430;Schüren;432;Schüren-Alt;073;Schüren;;;Dortmund
51.55020458753007, 7.537390827212859;XE_SozialEinrichtung;Kindergarten;FABIDO TEK;;;;Am Stuckenrodt;8;Dortmund;;;;398590.359999966;5712026.389999895;2;Scharnhorst;260;Alt-Scharnhorst;261;Msa-Siedlung;053;Alt-Scharnhorst;;;Dortmund
51.48659958753293, 7.36306421400421;XE_SozialEinrichtung;Kindergarten;EI Kleyer Sonnenkinder e.V.;;;;Am Zitter;16;Dortmund;;;;386345.93999993935;5705209.379999796;7;Lütgendortmund;720;Kley;720;Kley;104;Kley/Oespel;;;Dortmund
51.51132894527473, 7.455698617201578;XE_SozialEinrichtung;Kindergarten;Kath. Kiga Liebfrauen;;;;Amalienstraße;20;Dortmund;;;;392835.2999999549;5707819.649999857;10;Innenstadt-West;000;City;003;Cityring-West;011;City;;;Dortmund
51.486699257683114, 7.4345295074647835;XE_SozialEinrichtung;Kindergarten;AWO TEK Barop;;;;An der Witwe;1;Dortmund;;;;391307.7999999515;5705111.939999844;6;Hombruch;610;Barop;613;Krückenweg;091;Barop/Brünninghausen/Hombruch;;;Dortmund
51.528461721789164, 7.58057472804766;XE_SozialEinrichtung;Kindergarten;EI Elinas Bunte Kinderstube Asseln e.V.;;;;Asselener Hellweg;86;Dortmund;;;;401537.44999997097;5709549.459999912;3;Brackel;310;Asseln;312;Asseln Dorf;061;Asseln;;;Dortmund
51.51858545424451, 7.357764211879615;XE_SozialEinrichtung;Kindergarten;FABIDO TEK;;;;Auf'm Lehmbrink;61;Dortmund;;;;386057.78999993857;5708774.54999979;7;Lütgendortmund;760;Westrich;760;Westrich;103;Bövinghausen/Westrich;103;Bövinghausen/Westrich;Dortmund
51.54229138791431, 7.624714223065718;XE_SozialEinrichtung;Kindergarten;FABIDO TEK;;;;Baedekerstraße;40;Dortmund;;;;404628.0899999751;5711028.939999929;3;Brackel;340;Wickede;341;Wickeder Feld;064;Wickede;;;Dortmund
51.53966777404792, 7.407912937480489;XE_SozialEinrichtung;Kindergarten;Kath. Kiga St. Christopherus;;;;Basenachstraße;7 a;Dortmund;;;;389588.0399999477;5711042.0999998255;8;Huckarde;820;Huckarde;821;Mailoh;111;Deusen/Huckarde;;;Dortmund
51.46443705154298, 7.52333899315568;XE_SozialEinrichtung;Kindergarten;Ev. Kiga Auf dem Höchsten;;;;Benninghofer Straße;340;Dortmund;;;;397423.689999964;5702508.169999889;5;Hörde;540;Holzen;541;Höchsten;083;Höchsten/Holzen/Syburg;;;Dortmund
51.513080969870344, 7.502938455584118;XE_SozialEinrichtung;Kindergarten;FABIDO TEK;;;;Berliner Straße;4;Dortmund;;;;396117.25999996136;5707946.36999988;30;Innenstadt-Ost;070;Kaiserbrunnen;073;Körne;031;Kaiserbrunnen/Körne/nördl. Gartenstadt;;;Dortmund
51.55720942603208, 7.3922854793234105;XE_SozialEinrichtung;Kindergarten;Kath. Kiga Josef-Bartholdus;;;;Beuthstraße;25;Dortmund;;;;388547.2099999451;5713016.509999815;9;Mengede;930;Nette;930;Nette;123;Nette;123;Nette;Dortmund
51.518809902111606, 7.358386887315926;XE_SozialEinrichtung;Kindergarten;DRK-Kita Mäusetal;;;;Bockenfelder Straße;62;Dortmund;;;;386101.5499999385;5708798.539999791;8;Huckarde;840;Kirchlinde;843;Hangeney;112;Rahm/Kirchlinde;;;Dortmund
51.50017150561835, 7.473953008830102;XE_SozialEinrichtung;Kindergarten;Kath. Kiga St. Bonifatius;;;;Bonifatiusstraße;3;Dortmund;;;;394076.0999999577;5706552.319999866;30;Innenstadt-Ost;090;Ruhrallee;092;Ruhrallee Ost;032;Südl. Gartenstadt/Ruhrallee/Westfalendamm;;;Dortmund
51.55357373868359, 7.443386519141575;XE_SozialEinrichtung;Kindergarten;FABIDO TEK;;;;Börgerhoffweg;3;Dortmund;;;;392080.9199999534;5712535.56999985;1;Eving;140;Lindenhorst;140;Lindenhorst;042;Lindenhorst/Eving II;042;Lindenhorst/Eving II;Dortmund
51.5203619770266, 7.469367013158428;XE_SozialEinrichtung;Kindergarten;FABIDO TEK;;;;Bornstraße;52;Dortmund;;;;393804.75999995694;5708804.239999864;20;Innenstadt-Nord;050;Nordmarkt;051;Nordmarkt-Süd;022;Nordmarkt;022;Nordmarkt;Dortmund
51.5498946541857, 7.544776599218731;XE_SozialEinrichtung;Kindergarten;FABIDO TEK;;;;Buschei;34;Dortmund;;;;399101.73999996716;5711981.709999899;2;Scharnhorst;270;Scharnhorst-Ost;270;Scharnhorst-Ost;054;Scharnhorst-Ost;054;Scharnhorst-Ost;Dortmund
51.55808018913019, 7.392359504485182;XE_SozialEinrichtung;Kindergarten;Caritas-TEK St. Josef;;;;Butzstraße;33;Dortmund;;;;388554.4699999455;5713113.229999818;9;Mengede;930;Nette;930;Nette;123;Nette;123;Nette;Dortmund
51.537906136628976, 7.6136746337732655;XE_SozialEinrichtung;Kindergarten;EI Purzelbaum e.V.;;;;Ebbinghausstraße;45;Dortmund;;;;403853.319999974;5710555.719999925;3;Brackel;340;Wickede;342;Wickede Dorf;064;Wickede;;;Dortmund
51.49220762369927, 7.5581242449962724;XE_SozialEinrichtung;Kindergarten;Kath. Kiga St. Ewaldi;;;;Egbertstraße;14;Dortmund;;;;399900.7499999682;5705548.249999905;4;Aplerbeck;410;Aplerbeck;413;Aplerbecker Markt;071;Aplerbeck;;;Dortmund
51.47785404346721, 7.597189398835787;XE_SozialEinrichtung;Kindergarten;EI Zappelbande e.V.;;;;Eichholzstraße;89;Dortmund;;;;402582.05999997235;5703899.359999919;4;Aplerbeck;450;Sölderholz;451;Sölderholz;074;Sölde/Sölderholz;;;Dortmund
51.533828981854434, 7.39931043097793;XE_SozialEinrichtung;Kindergarten;Ev. Kiga Erpinghof;;;;Erpinghofstraße;68;Dortmund;;;;388977.279999946;5710405.8199998215;8;Huckarde;820;Huckarde;822;Erpinghofsiedlung;111;Deusen/Huckarde;;;Dortmund
51.527274391332476, 7.544654470585461;XE_SozialEinrichtung;Kindergarten;Kath. Kiga St. Clemens;;;;Flughafenstraße;56 a;Dortmund;;;;399043.22999996686;5709466.3699998995;3;Brackel;320;Brackel;323;Reichshof;062;Brackel;;;Dortmund
51.543817363341255, 7.516245939428219;XE_SozialEinrichtung;Kindergarten;FABIDO TEK;;;;Friedrich-Hölscher-Straße;432;Dortmund;;;;397109.94999996375;5711345.619999886;2;Scharnhorst;260;Alt-Scharnhorst;262;Alt-Scharnhorst;053;Alt-Scharnhorst;;;Dortmund
51.53519780538214, 7.4108905654801855;XE_SozialEinrichtung;Kindergarten;FABIDO TEK;;;;Friedrichsruher Straße;11;Dortmund;;;;389783.7299999481;5710540.52999983;8;Huckarde;820;Huckarde;821;Mailoh;111;Deusen/Huckarde;;;Dortmund
51.51036028050372, 7.516324044688333;XE_SozialEinrichtung;Kindergarten;EI Das Kinderhaus e.V.;;;;Geßlerstraße;17;Dortmund;;;;397039.9199999633;5707624.899999887;30;Innenstadt-Ost;080;Westfalendamm;082;Gartenstadt-Nord;031;Kaiserbrunnen/Körne/nördl. Gartenstadt;;;Dortmund
51.50279131397626, 7.4047480285063525;XE_SozialEinrichtung;Kindergarten;Kath. Kiga St. Karl Borromäus;;;;Girondelle;5;Dortmund;;;;389279.15999994706;5706946.069999825;10;Innenstadt-West;030;Dorstfeld;033;Oberdorstfeld;014;Dorstfeld;014;Dorstfeld;Dortmund
51.55674150959943, 7.484147867203819;XE_SozialEinrichtung;Kindergarten;Ev. Kiga Kemminghausen;;;;Gretelweg;3-5;Dortmund;;;;394914.0299999592;5712828.489999874;1;Eving;120;Eving;124;Kemminghausen;043;Eving I/Kemminghausen;043;Eving I/Kemminghausen;Dortmund
51.58047729694508, 7.5652813853988885;XE_SozialEinrichtung;Kindergarten;Ev. TEK Lanstrop;;;;Gürtlerstraße;15;Dortmund;;;;400590.0999999695;5715354.619999907;2;Scharnhorst;250;Lanstrop;251;Lanstrop-Neu;052;Husen/Kurl/Lanstrop;;;Dortmund
51.58101050864438, 7.563199055003764;XE_SozialEinrichtung;Kindergarten;FABIDO TEK;;;;Gürtlerstraße;9-13;Dortmund;;;;400446.9899999694;5715416.749999907;2;Scharnhorst;250;Lanstrop;251;Lanstrop-Neu;052;Husen/Kurl/Lanstrop;;;Dortmund
51.531694679098, 7.45803258890792;XE_SozialEinrichtung;Kindergarten;Ev. Kiga Markus;;;;Gut-Heil-Straße;10 a;Dortmund;;;;393044.97999995545;5710080.999999858;20;Innenstadt-Nord;050;Nordmarkt;053;Nordmarkt-West;022;Nordmarkt;022;Nordmarkt;Dortmund
51.5172970783729, 7.496023871606335;XE_SozialEinrichtung;Kindergarten;Kath. Kiga St. Franziskus (5 Gruppen);;;;Hallesche Straße;63;Dortmund;;;;395647.10999996064;5708425.059999877;30;Innenstadt-Ost;070;Kaiserbrunnen;073;Körne;031;Kaiserbrunnen/Körne/nördl. Gartenstadt;;;Dortmund
51.475859256117715, 7.4400969824404015;XE_SozialEinrichtung;Kindergarten;Ev. Kiga Hombruch;;;;Harkortstraße;53a;Dortmund;;;;391668.6499999524;5703898.239999847;6;Hombruch;650;Hombruch;651;Hombruch;091;Barop/Brünninghausen/Hombruch;;;Dortmund
51.50904445535441, 7.3802070756942735;XE_SozialEinrichtung;Kindergarten;Ev. Kiga Immanuel;;;;Haumannstraße;5;Dortmund;;;;387591.34999994276;5707678.849999808;7;Lütgendortmund;740;Marten;742;Marten;102;Marten;102;Marten;Dortmund
51.526859506746284, 7.4132588841294655;XE_SozialEinrichtung;Kindergarten;FABIDO TEK;;;;Heidegarten;3;Dortmund;;;;389927.86999994854;5709609.7099998295;8;Huckarde;820;Huckarde;824;Huckarde;111;Deusen/Huckarde;;;Dortmund
51.55033574991965, 7.5425762056602395;XE_SozialEinrichtung;Kindergarten;Waldorf-Kiga Scharnhorst;;;;Hesseweg;24;Dortmund;;;;398950.15999996685;5712033.799999898;2;Scharnhorst;270;Scharnhorst-Ost;270;Scharnhorst-Ost;054;Scharnhorst-Ost;054;Scharnhorst-Ost;Dortmund
51.47874513212481, 7.433399511690558;XE_SozialEinrichtung;Kindergarten;FABIDO TEK;;;;Hombrucher Bogen;34-36;Dortmund;;;;391210.4199999514;5704229.089999842;6;Hombruch;610;Barop;615;Zechenplatz;091;Barop/Brünninghausen/Hombruch;;;Dortmund
51.45841038138187, 7.442399045006332;XE_SozialEinrichtung;Kindergarten;FABIDO TEK;;;;Hugo-Sickmann-Straße;30;Dortmund;;;;391787.239999953;5701954.459999847;6;Hombruch;670;Kirchhörde-Löttringhausen;672;Kirchhörde-Nord;093;Kirchhörde/Löttringhausen/Lücklemberg;;;Dortmund
51.570092566754965, 7.520868405285973;XE_SozialEinrichtung;Kindergarten;Kath. Kiga St. Aloysius;;;;Im Schellenkai;10;Dortmund;;;;397489.569999964;5714261.089999889;2;Scharnhorst;210;Derne;212;Derne;051;Derne/Hostedde/Kirchderne/Grevel;;;Dortmund
51.530829498524774, 7.544182390517891;XE_SozialEinrichtung;Kindergarten;Ev. Kiga Brackel;;;;Kaldehofweg;53;Dortmund;;;;399018.3499999669;5709862.3699998995;3;Brackel;320;Brackel;322;Westheck;062;Brackel;;;Dortmund
51.55080955775403, 7.4591966315991325;XE_SozialEinrichtung;Kindergarten;Kath. Kiga St. Barbara;;;;Kappenberger Straße;16;Dortmund;;;;393170.489999956;5712204.969999858;1;Eving;120;Eving;121;Niedereving;042;Lindenhorst/Eving II;042;Lindenhorst/Eving II;Dortmund
51.47732404470769, 7.512023649700318;XE_SozialEinrichtung;Kindergarten;Ev. Kiga Benninghofen;;;;Kattenkuhle;19 a;Dortmund;;;;396666.82999996276;5703957.169999884;5;Hörde;510;Benninghofen;511;Benninghofen;081;Benninghofen/Hacheney/Wellinghofen/Wichlinghofen;;;Dortmund
51.528190101962565, 7.488384827442558;XE_SozialEinrichtung;Kindergarten;DRK-Kiga Zwergenland;;;;Kirchderner Straße;54-56;Dortmund;;;;395142.12999995967;5709647.339999873;20;Innenstadt-Nord;060;Borsigplatz;062;Westfalenhütte;023;Borsigplatz;023;Borsigplatz;Dortmund
51.52068093556347, 7.45542132443865;XE_SozialEinrichtung;Kindergarten;Ev. Kiga Paulus;;;;Kirchenstraße;23;Dortmund;;;;392838.0099999549;5708860.039999856;20;Innenstadt-Nord;040;Hafen;043;Hafen-Südost;021;Hafen;021;Hafen;Dortmund
51.451872404323886, 7.4569399194173185;XE_SozialEinrichtung;Kindergarten;Johanniter-TEK;;;;Kobbendelle;2a;Dortmund;;;;392782.0799999549;5701206.029999857;6;Hombruch;670;Kirchhörde-Löttringhausen;675;Kirchhörde-West;093;Kirchhörde/Löttringhausen/Lücklemberg;;;Dortmund
51.5681864830716, 7.521690113726198;XE_SozialEinrichtung;Kindergarten;Consol-TEK;;;;Kornblumenstraße;8;Dortmund;;;;397542.22999996424;5714047.969999889;2;Scharnhorst;210;Derne;212;Derne;051;Derne/Hostedde/Kirchderne/Grevel;;;Dortmund
51.47385622843897, 7.435060247863946;XE_SozialEinrichtung;Kindergarten;Kath. Kiga St. Clemens;;;;Kuntzestraße;99;Dortmund;;;;391314.1199999518;5703682.959999844;6;Hombruch;650;Hombruch;651;Hombruch;091;Barop/Brünninghausen/Hombruch;;;Dortmund
51.5276474214062, 7.6085352519288;XE_SozialEinrichtung;Kindergarten;AWO TEK Langschede Straße;;;;Langschede Straße;12d;Dortmund;;;;403475.2039999736;5709421.649999924;3;Brackel;340;Wickede;344;Flughafen;064;Wickede;;;Dortmund
51.482444582024215, 7.5571219092741;XE_SozialEinrichtung;Kindergarten;FABIDO TEK;;;;Leineweg;1;Dortmund;;;;399809.7699999682;5704463.919999904;4;Aplerbeck;410;Aplerbeck;415;Aplerbeck Bahnhof Süd;071;Aplerbeck;;;Dortmund
51.522506109198694, 7.461461371200073;XE_SozialEinrichtung;Kindergarten;FABIDO TEK;;;;Leopoldstraße;60;Dortmund;;;;393261.30999995593;5709054.179999859;20;Innenstadt-Nord;050;Nordmarkt;051;Nordmarkt-Süd;022;Nordmarkt;022;Nordmarkt;Dortmund
51.47794180186109, 7.601457056640729;XE_SozialEinrichtung;Kindergarten;FABIDO TEK;;;;Ligusterweg;4;Dortmund;;;;402878.5999999729;5703903.449999922;4;Aplerbeck;450;Sölderholz;451;Sölderholz;074;Sölde/Sölderholz;;;Dortmund
51.52577876919338, 7.487441310490247;XE_SozialEinrichtung;Kindergarten;FABIDO TEK;;;;Lünener Straße;25;Dortmund;;;;395071.13999995985;5709380.539999874;20;Innenstadt-Nord;060;Borsigplatz;062;Westfalenhütte;023;Borsigplatz;023;Borsigplatz;Dortmund
51.50054952046753, 7.333811011586121;XE_SozialEinrichtung;Kindergarten;FABIDO TEK;;;;Marienborn;8-10;Dortmund;;;;384350.2999999335;5706806.469999772;7;Lütgendortmund;730;Lütgendortmund;733;Lütgendortmund-Mitte;101;Lütgendortmund;;;Dortmund
51.50684762375776, 7.370117413703612;XE_SozialEinrichtung;Kindergarten;EI KiCo e.V.;;;;Martener Straße;431;Dortmund;;;;386885.7599999406;5707450.099999801;7;Lütgendortmund;740;Marten;741;Germania;102;Marten;102;Marten;Dortmund
51.47720199535771, 7.428183928161412;XE_SozialEinrichtung;Kindergarten;EI Villa Kunterbunt e.V.;;;;Menglinghauser Straße;13;Dortmund;;;;390844.5699999505;5704065.24999984;6;Hombruch;610;Barop;614;Baroper Markt;091;Barop/Brünninghausen/Hombruch;;;Dortmund
51.47543194364756, 7.461138746933655;XE_SozialEinrichtung;Kindergarten;AWO TEK Mergelteichstraße;;;;Mergelteichstraße;12-14;Dortmund;;;;393128.86999995576;5703819.79999986;6;Hombruch;630;Brünninghausen;632;Renninghausen;091;Barop/Brünninghausen/Hombruch;;;Dortmund
51.47342157312056, 7.462577510928846;XE_SozialEinrichtung;Kindergarten;Heilpädagogische Christopherus-Kita;;;;Mergelteichstraße;43 a;Dortmund;;;;393224.0899999558;5703594.139999859;6;Hombruch;680;Rombergpark-Lücklemberg;681;Rombergpark;091;Barop/Brünninghausen/Hombruch;;;Dortmund
51.57123833259827, 7.3755123398069;XE_SozialEinrichtung;Kindergarten;AWO TEK Molkereistraße;;;;Molkereistraße;10 f;Dortmund;;;;387419.15999994235;5714602.279999804;9;Mengede;920;Mengede;923;Mengede-Mitte;122;Mengede/Oestrich/Schwieringhausen;;;Dortmund
51.492377137115696, 7.533232594211182;XE_SozialEinrichtung;Kindergarten;EI Die kleine Raupe e.V.;;;;Niergartenstraße;19;Dortmund;;;;398173.1599999656;5705601.4299998935;4;Aplerbeck;430;Schüren;432;Schüren-Alt;073;Schüren;;;Dortmund
51.52229588037119, 7.46671586795843;XE_SozialEinrichtung;Kindergarten;Kath. Kiga St. Joseph;;;;Nordstraße;21-23;Dortmund;;;;393625.3399999566;5709023.149999862;20;Innenstadt-Nord;050;Nordmarkt;051;Nordmarkt-Süd;022;Nordmarkt;022;Nordmarkt;Dortmund
51.48260344025731, 7.494498316283953;XE_SozialEinrichtung;Kindergarten;Ev. Kiga Zum Guten Hirten;;;;Nortkirchenstraße;5;Dortmund;;;;395461.90999996057;5704569.139999876;5;Hörde;530;Hörde;533;Phönix-West;082;Hörde;082;Hörde;Dortmund
51.52812156483519, 7.551025206559472;XE_SozialEinrichtung;Kindergarten;FABIDO TEK;;;;Oesterstraße;66;Dortmund;;;;399487.00999996735;5709551.809999902;3;Brackel;320;Brackel;324;Brackel Dorf;062;Brackel;;;Dortmund
51.52715322223483, 7.408607458753148;XE_SozialEinrichtung;Kindergarten;Kath. Kiga St. Urbanus;;;;Oskarweg;54;Dortmund;;;;389605.9299999479;5709649.379999827;8;Huckarde;820;Huckarde;824;Huckarde;111;Deusen/Huckarde;;;Dortmund
51.55128997588294, 7.475029565517573;XE_SozialEinrichtung;Kindergarten;Stadtteilschule Kita Krümelstube;;;;Osterfeldstraße;129;Dortmund;;;;394269.29999995785;5712235.389999865;1;Eving;120;Eving;123;Obereving;043;Eving I/Kemminghausen;043;Eving I/Kemminghausen;Dortmund
51.51556241454042, 7.36718535587333;XE_SozialEinrichtung;Kindergarten;FABIDO TEK;;;;Osulfweg;44 a;Dortmund;;;;386703.9099999404;5708423.749999799;8;Huckarde;840;Kirchlinde;843;Hangeney;112;Rahm/Kirchlinde;;;Dortmund
51.45834249363697, 7.459522186054841;XE_SozialEinrichtung;Kindergarten;Ev. Kiga Kirchhörde;;;;Peter-Hille-Straße;11;Dortmund;;;;392976.62999995524;5701921.749999857;6;Hombruch;670;Kirchhörde-Löttringhausen;674;Kirchhörde-Ost;093;Kirchhörde/Löttringhausen/Lücklemberg;;;Dortmund
51.47694637295817, 7.4520805627916165;XE_SozialEinrichtung;Kindergarten;Ev. Kiga Brünninghausen;;;;Stockumer Straße;66;Dortmund;;;;392503.3899999545;5704001.469999854;6;Hombruch;630;Brünninghausen;632;Renninghausen;091;Barop/Brünninghausen/Hombruch;;;Dortmund
51.5268212847083, 7.58280083733419;XE_SozialEinrichtung;Kindergarten;EI Max u. Moritz e.V.;;;;Pröbstingskamp;20;Dortmund;;;;401688.32999997115;5709364.039999913;3;Brackel;310;Asseln;313;Asseln Hellweg;061;Asseln;;;Dortmund
51.51858075174235, 7.524442834944237;XE_SozialEinrichtung;Kindergarten;Kath. Kiga St. Meinolfus;;;;Rabenstraße;16  b;Dortmund;;;;397621.72999996436;5708527.66999989;3;Brackel;330;Wambel;332;Breierspfad;063;Wambel;;;Dortmund
51.52476192372177, 7.390869196213858;XE_SozialEinrichtung;Kindergarten;EI Astrid-Lindgren Ev. Kiga-Verein Rahm-Kirchlinde;;;;Rahmer Straße;251;Dortmund;;;;388369.6599999448;5709410.369999815;8;Huckarde;830;Jungferntal-Rahm;831;Jungferntal;112;Rahm/Kirchlinde;;;Dortmund
51.51217895781192, 7.436103373248083;XE_SozialEinrichtung;Kindergarten;Villa Pusteblume;;;;Rheinische Straße;168;Dortmund;;;;391477.6099999519;5707943.049999844;10;Innenstadt-West;020;Dorstfelder Brücke;023;Union;013;Dorstfelder Brücke;013;Dorstfelder Brücke;Dortmund
51.51288417897214, 7.447198240972031;XE_SozialEinrichtung;Kindergarten;EKK TEK Unterm U;;;;Rheinische Straße;66;Dortmund;;;;392249.1299999537;5708005.079999851;10;Innenstadt-West;020;Dorstfelder Brücke;022;Dorstfelder Brücke;013;Dorstfelder Brücke;013;Dorstfelder Brücke;Dortmund
51.550196425665725, 7.371295256170652;XE_SozialEinrichtung;Kindergarten;Kath. Kiga Maria Heimsuchung;;;;Rohdesdiek;12;Dortmund;;;;387074.8099999414;5712268.829999803;9;Mengede;910;Bodelschwingh;910;Bodelschwingh;121;Bodelschwingh/Westerfilde;121;Bodelschwingh/Westerfilde;Dortmund
51.520134182444224, 7.472241900411749;XE_SozialEinrichtung;Kindergarten;EKK TEK Rolandstraße;;;;Rolandstraße;11;Dortmund;;;;394003.6799999577;5708774.739999865;20;Innenstadt-Nord;050;Nordmarkt;052;Nordmarkt-Südost;022;Nordmarkt;022;Nordmarkt;Dortmund
51.530618386342404, 7.61146500994183;XE_SozialEinrichtung;Kindergarten;Ev. Kiga Rübenkamp;;;;Rübenkamp;33;Dortmund;;;;403684.6999999741;5709748.179999924;3;Brackel;340;Wickede;342;Wickede Dorf;064;Wickede;;;Dortmund
51.531288272106586, 7.614572338082295;XE_SozialEinrichtung;Kindergarten;EI Pumuckl e.V.;;;;Rübenkamp;64;Dortmund;;;;403901.63999997434;5709818.589999924;3;Brackel;340;Wickede;342;Wickede Dorf;064;Wickede;;;Dortmund
51.488646757973896, 7.501852329726989;XE_SozialEinrichtung;Kindergarten;Kath. Kiga St. Clara;;;;Schultenstraße;3;Dortmund;;;;395986.27999996115;5705230.709999881;5;Hörde;530;Hörde;532;Hörde;082;Hörde;082;Hörde;Dortmund
51.49597600998682, 7.5120562329185825;XE_SozialEinrichtung;Kindergarten;FABIDO TEK;;;;Steinkühlerweg;74;Dortmund;;;;396711.24999996275;5706031.309999885;5;Hörde;530;Hörde;531;Remberg;082;Hörde;082;Hörde;Dortmund
51.5208530036141, 7.46045864380157;XE_SozialEinrichtung;Kindergarten;FABIDO TEK;;;;Steinstraße;37;Dortmund;;;;393187.8799999557;5708871.809999859;20;Innenstadt-Nord;050;Nordmarkt;051;Nordmarkt-Süd;022;Nordmarkt;022;Nordmarkt;Dortmund
51.483110844556926, 7.427302252250684;XE_SozialEinrichtung;Kindergarten;Ev. Kiga Barop;;;;Stockumer Straße;275;Dortmund;;;;390797.45999995054;5704723.649999839;6;Hombruch;610;Barop;612;Ostenbergstraße;091;Barop/Brünninghausen/Hombruch;;;Dortmund
51.47796458197709, 7.443900268765609;XE_SozialEinrichtung;Kindergarten;AWO Kiga Hombruch;;;;Tetschener Straße;2-4;Dortmund;;;;391937.7399999533;5704126.739999848;6;Hombruch;650;Hombruch;651;Hombruch;091;Barop/Brünninghausen/Hombruch;;;Dortmund
51.522061388786284, 7.457787780842007;XE_SozialEinrichtung;Kindergarten;FABIDO TEK;;;;Uhlandstraße;3;Dortmund;;;;393005.4199999554;5709010.089999856;20;Innenstadt-Nord;050;Nordmarkt;051;Nordmarkt-Süd;022;Nordmarkt;022;Nordmarkt;Dortmund
51.50628880964907, 7.483688146101082;XE_SozialEinrichtung;Kindergarten;AWO TEK DSW21;;;;Von-den-Berken-Straße;2;Dortmund;;;;394765.87999995897;5707218.549999871;30;Innenstadt-Ost;080;Westfalendamm;081;Westfalendamm-Nord;032;Südl. Gartenstadt/Ruhrallee/Westfalendamm;;;Dortmund
51.54395363080193, 7.532563219299152;XE_SozialEinrichtung;Kindergarten;EI Bienchen  II e.V.;;;;Westholz;70;Dortmund;;;;398241.70999996545;5711337.949999894;2;Scharnhorst;260;Alt-Scharnhorst;261;Msa-Siedlung;053;Alt-Scharnhorst;;;Dortmund
51.528332577795865, 7.395865871566501;XE_SozialEinrichtung;Kindergarten;FABIDO TEK;;;;Westhusener Straße;16;Dortmund;;;;388724.9799999455;5709799.829999819;8;Huckarde;830;Jungferntal-Rahm;831;Jungferntal;112;Rahm/Kirchlinde;;;Dortmund
51.57465944890422, 7.385823303057702;XE_SozialEinrichtung;Kindergarten;Ev. Kiga Mengede;;;;Wiedenhof;2 a;Dortmund;;;;388142.089999944;5714966.899999813;9;Mengede;920;Mengede;923;Mengede-Mitte;122;Mengede/Oestrich/Schwieringhausen;;;Dortmund
51.531988151943516, 7.381089438489513;XE_SozialEinrichtung;Kindergarten;Ev. Kiga Kichlinde-Rahm;;;;Willstätter Straße;55 a;Dortmund;;;;387709.0299999428;5710228.919999808;8;Huckarde;830;Jungferntal-Rahm;831;Jungferntal;112;Rahm/Kirchlinde;;;Dortmund
51.49565788803645, 7.445903866399994;XE_SozialEinrichtung;Kindergarten;EI Möhrenbande e.V.;;;;Wittekindstraße;100a;Dortmund;;;;392118.63999995356;5706091.34999985;10;Innenstadt-West;010;Westfalenhalle;011;Westfalenhalle;012;Westfalenhalle;;;Dortmund
51.51199055657172, 7.423415246527913;XE_SozialEinrichtung;Kindergarten;FABIDO TEK;;;;Wittener straße;10-14;Dortmund;;;;390596.74999995006;5707940.989999837;10;Innenstadt-West;030;Dorstfeld;031;Hallerey;014;Dorstfeld;014;Dorstfeld;Dortmund
51.57397349202009, 7.45856334263465;XE_SozialEinrichtung;Kindergarten;EKK TEK Brechtener Heide;;;;Wittichstraße;186;Dortmund;;;;393180.87999995565;5714781.849999857;1;Eving;110;Brechten;112;Brechten-Süd;041;Brechten/Holthausen;;;Dortmund
51.56278017504156, 7.374755832147294;XE_SozialEinrichtung;Kindergarten;FABIDO TEK Worderfeld;;;;Worderfeld;12;Dortmund;;;;387345.8299999421;5713662.859999805;9;Mengede;940;Oestrich;940;Oestrich;122;Mengede/Oestrich/Schwieringhausen;;;Dortmund
51.521455374135705, 7.445260407123872;XE_SozialEinrichtung;Kindergarten;Kinderschutzbund TEK Yorckstraße;;;;Yorckstraße;8;Dortmund;;;;392134.9199999535;5708961.08999985;20;Innenstadt-Nord;040;Hafen;042;Hafen-Süd;021;Hafen;021;Hafen;Dortmund
51.55249886946972, 7.363651269089455;XE_SozialEinrichtung;Kindergarten;Ev. Kiga Bodelschwingh;;;;Zur Hunnenboke;4;Dortmund;;;;386550.57999994006;5712536.699999796;9;Mengede;910;Bodelschwingh;910;Bodelschwingh;121;Bodelschwingh/Westerfilde;121;Bodelschwingh/Westerfilde;Dortmund
51.52816102656771, 7.412889688132741;XE_SozialEinrichtung;KinderbetreuungKurzzeit;Caritasverband Dortmund;Kinder-Förderzentrum;;;Arminiusstraße;87;Dortmund;http://www.caritasdortmund.de/web/index.php?id=376;;;389905.4;5709755;8;Huckarde;820;Huckarde;824;Huckarde;111;Deusen/Huckarde;;;Dortmund
51.5565807459389, 7.543591784394112;XE_SozialEinrichtung;KinderbetreuungKurzzeit;Caritasverband Dortmund;Kinder-Förderzentrum, Außenstelle Scharnhorst;;;Severingstraße;27;Dortmund;http://www.caritasdortmund.de/web/index.php?id=376;;;399034.4;5712726.88;2;Scharnhorst;270;Scharnhorst-Ost;270;Scharnhorst-Ost;054;Scharnhorst-Ost;054;Scharnhorst-Ost;Dortmund
51.51513506184764, 7.35340597773243;XE_SozialEinrichtung;Kindergarten;EI Westricher Spielmäuse e.V.;;;;Hangeneystraße;174;Dortmund;;;;385746.7899999379;5708397.64999979;7;Lütgendortmund;760;Westrich;760;Westrich;103;Bövinghausen/Westrich;103;Bövinghausen/Westrich;Dortmund
51.515409733576526, 7.559816703459183;XE_SozialEinrichtung;Kindergarten;EI Mini Club e.V.;;;;Haslindestraße;44;Dortmund;;;;400069.0099999683;5708126.139999905;3;Brackel;320;Brackel;328;Funkturmsiedlung;062;Brackel;;;Dortmund
51.48711579900034, 7.378496125709044;XE_SozialEinrichtung;Kindergarten;Kath. Kiga Christus unser Fiede;;;;Hedwigstraße;18;Dortmund;;;;387418.5999999423;5705242.939999808;7;Lütgendortmund;750;Oespel;750;Oespel;104;Kley/Oespel;;;Dortmund
51.51218763682692, 7.474726588327619;XE_SozialEinrichtung;Kindergarten;Ev. Kiga St. Reinoldi und St. Marien;;;;Heiliger Weg;30;Dortmund;;;;394157.639999958;5707887.449999865;30;Innenstadt-Ost;070;Kaiserbrunnen;071;Kaiserbrunnen;031;Kaiserbrunnen/Körne/nördl. Gartenstadt;;;Dortmund
51.52864850737766, 7.483965182542066;XE_SozialEinrichtung;Kindergarten;EI Kinder mit Zukunft e.V. -Schiffskoje-;;;;Hirtenstraße;2;Dortmund;;;;394836.6199999593;5709704.659999871;20;Innenstadt-Nord;060;Borsigplatz;062;Westfalenhütte;023;Borsigplatz;023;Borsigplatz;Dortmund
51.51669152348609, 7.408697723088792;XE_SozialEinrichtung;Kindergarten;EI Bambini e.V.;;;;Höfkerstraße;5;Dortmund;;;;389586.8899999479;5708485.859999828;10;Innenstadt-West;030;Dorstfeld;031;Hallerey;014;Dorstfeld;014;Dorstfeld;Dortmund
51.51669152348609, 7.408697723088792;XE_SozialEinrichtung;Kindergarten;EI Kinderkiste e.V.;;;;Höfkerstraße;5;Dortmund;;;;389586.8899999479;5708485.859999828;10;Innenstadt-West;030;Dorstfeld;031;Hallerey;014;Dorstfeld;014;Dorstfeld;Dortmund
51.53547780688893, 7.558761165806849;XE_SozialEinrichtung;Kindergarten;EKK TEK Hohenbuschei;;;;Hohenbuschei-Allee;20;Dortmund;;;;400039.7299999685;5710359.2699999055;3;Brackel;320;Brackel;321;Brackeler Feld;062;Brackel;;;Dortmund
51.49463968202444, 7.4909474335934485;XE_SozialEinrichtung;Kindergarten;Waldorf-Kiga Hörde;;;;Konrad-Glocker-Straße;20;Dortmund;;;;395242.9499999602;5705912.699999874;30;Innenstadt-Ost;080;Westfalendamm;083;Westfalendamm-Süd;032;Südl. Gartenstadt/Ruhrallee/Westfalendamm;;;Dortmund
51.48242415003052, 7.561299150523337;XE_SozialEinrichtung;Kindergarten;Ev. Kiga Aplerbecker Mark;;;;Schwerter Straße;284;Dortmund;;;;400099.7699999686;5704455.939999906;4;Aplerbeck;410;Aplerbeck;417;Schwerter Straße;071;Aplerbeck;;;Dortmund
51.556580745937985, 7.543591784393662;XE_SozialEinrichtung;Kindergarten;Caritas-TEK Montessori-Kinderhaus;;;;Severingstraße;27;Dortmund;;;;399034.3999999667;5712726.879999899;2;Scharnhorst;270;Scharnhorst-Ost;270;Scharnhorst-Ost;054;Scharnhorst-Ost;054;Scharnhorst-Ost;Dortmund
51.524526852708206, 7.364556731993345;XE_SozialEinrichtung;Kindergarten;FABIDO TEK;;;;Siepmannstraße;93;Dortmund;;;;386543.80999994;5709424.699999797;8;Huckarde;840;Kirchlinde;841;Kirchlinde-Alt;112;Rahm/Kirchlinde;;;Dortmund
51.49824940123597, 7.588711882607623;XE_SozialEinrichtung;Kindergarten;Ev. Kiga Sölde;;;;Sölder Straße;84 a;Dortmund;;;;402037.08999997145;5706178.749999916;4;Aplerbeck;440;Sölde;441;Sölde-Nord;074;Sölde/Sölderholz;;;Dortmund
51.496416322998485, 7.352892138363065;XE_SozialEinrichtung;Kindergarten;FABIDO TEK;;;;Somborner Feldweg;11;Dortmund;;;;385664.2899999375;5706316.869999788;7;Lütgendortmund;730;Lütgendortmund;734;Lütgendortmund-Ost;101;Lütgendortmund;;;Dortmund
51.444681589200194, 7.457874079998894;XE_SozialEinrichtung;Kindergarten;FABIDO TEK;;;;Spissenagelstraße;19;Dortmund;;;;392830.14999995497;5700405.019999857;6;Hombruch;620;Bittermark;620;Bittermark;093;Kirchhörde/Löttringhausen/Lücklemberg;;;Dortmund
51.54960281754758, 7.485176730287903;XE_SozialEinrichtung;Kindergarten;FABIDO TEK;;;;Steiermarkstraße;69;Dortmund;;;;394968.9099999596;5712033.149999873;1;Eving;120;Eving;123;Obereving;043;Eving I/Kemminghausen;043;Eving I/Kemminghausen;Dortmund
51.57691962139968, 7.567328889000119;XE_SozialEinrichtung;Kindergarten;Kath. Kiga St. Michael;;;;Steinhofstraße;4;Dortmund;;;;400724.2099999696;5714956.199999908;2;Scharnhorst;250;Lanstrop;251;Lanstrop-Neu;052;Husen/Kurl/Lanstrop;;;Dortmund
51.495272945666194, 7.509893279106277;XE_SozialEinrichtung;Kindergarten;Kath. Kiga St. Georg;;;;Steinkühlerweg;215;Dortmund;;;;396559.51999996253;5705956.179999882;5;Hörde;530;Hörde;531;Remberg;082;Hörde;082;Hörde;Dortmund
51.478419552738764, 7.40684773464338;XE_SozialEinrichtung;Kindergarten;Kath. Kiga Maria-Königin;;;;Stortsweg;43;Dortmund;;;;389365.89999994705;5704232.669999825;6;Hombruch;640;Eichlinghofen;641;Eichlinghofen;092;Menglinghausen;;;Dortmund
51.422542418113046, 7.489529990151424;XE_SozialEinrichtung;Kindergarten;FABIDO TEK;;;;Syburger Kirchstraße;12;Dortmund;;;;394979.1999999597;5697897.229999874;5;Hörde;550;Syburg;551;Syburg;083;Höchsten/Holzen/Syburg;;;Dortmund
51.51444454207503, 7.421552171591386;XE_SozialEinrichtung;Kindergarten;Kath. Kiga St. Barbara II;;;;Teutoburger Straße;18;Dortmund;;;;390473.35999994964;5708216.669999835;10;Innenstadt-West;030;Dorstfeld;031;Hallerey;014;Dorstfeld;014;Dorstfeld;Dortmund
51.476453770192094, 7.558219475565984;XE_SozialEinrichtung;Kindergarten;FABIDO TEK;;;;Tiefe Mark;72;Dortmund;;;;399872.8599999681;5703796.209999905;4;Aplerbeck;410;Aplerbeck;416;Aplerbecker Mark;071;Aplerbeck;;;Dortmund
51.53233435776428, 7.454305700908126;XE_SozialEinrichtung;Kindergarten;FABIDO TEK;;;;Uhlandstraße;170;Dortmund;;;;392787.98999995517;5710157.589999855;20;Innenstadt-Nord;040;Hafen;041;Hafen;021;Hafen;021;Hafen;Dortmund
51.53228675729317, 7.411952188703326;XE_SozialEinrichtung;Kindergarten;FABIDO TEK;;;;Varziner Straße;20;Dortmund;;;;389850.3299999484;5710215.2099998295;8;Huckarde;820;Huckarde;824;Huckarde;111;Deusen/Huckarde;;;Dortmund
51.53597839408698, 7.408413124938788;XE_SozialEinrichtung;Kindergarten;Johanniter-TEK;;;;Varziner Straße;59;Dortmund;;;;389613.7999999476;5710631.069999828;8;Huckarde;820;Huckarde;821;Mailoh;111;Deusen/Huckarde;;;Dortmund
51.50320058304445, 7.33364370285017;XE_SozialEinrichtung;Kindergarten;FABIDO TEK;;;;Volksgartenstraße;33;Dortmund;;;;384345.39999993367;5707101.539999772;7;Lütgendortmund;730;Lütgendortmund;733;Lütgendortmund-Mitte;101;Lütgendortmund;;;Dortmund
51.504618079617735, 7.4427994481187785;XE_SozialEinrichtung;Kindergarten;Kath. Kiga Hl. Geist;;;;Von-der-Recke-Straße;42;Dortmund;;;;391924.3499999531;5707092.339999848;10;Innenstadt-West;010;Westfalenhalle;013;Tremonia;012;Westfalenhalle;;;Dortmund
51.50347038907092, 7.361180871765041;XE_SozialEinrichtung;Kindergarten;Consol-TEK;;;;Vorstenstraße;1;Dortmund;;;;386257.189999939;5707088.389999794;7;Lütgendortmund;740;Marten;741;Germania;102;Marten;102;Marten;Dortmund
51.53831764510565, 7.514540585874961;XE_SozialEinrichtung;Kindergarten;Johanniter-TEK;;;;Wambeler Heide;49;Dortmund;;;;396979.279999963;5710736.419999887;2;Scharnhorst;260;Alt-Scharnhorst;262;Alt-Scharnhorst;053;Alt-Scharnhorst;;Wambeler Heide;Dortmund
51.50393543012626, 7.5574481749029685;XE_SozialEinrichtung;Kindergarten;Ev. Georgskindergarten Ap-Nord;;;;Weiße-Ewald-Straße;57;Dortmund;;;;399879.5199999683;5706853.369999905;4;Aplerbeck;410;Aplerbeck;412;Marsbruchstraße;071;Aplerbeck;;;Dortmund
51.55665157733535, 7.580740940201458;XE_SozialEinrichtung;Kindergarten;Kath. Kiga St. Joh. Baptista;;;;Werimboldstraße;8;Dortmund;;;;401609.79999997077;5712684.129999914;2;Scharnhorst;240;Kurl-Husen;241;Kurl-Nord;052;Husen/Kurl/Lanstrop;;;Dortmund
51.50212392447052, 7.339566591552979;XE_SozialEinrichtung;Kindergarten;FABIDO TEK;;;;Westermannstraße;8;Dortmund;;;;384753.73999993515;5706972.469999776;7;Lütgendortmund;730;Lütgendortmund;733;Lütgendortmund-Mitte;101;Lütgendortmund;;;Dortmund
51.507859096450304, 7.342756773390733;XE_SozialEinrichtung;Kindergarten;DRK-Kita Spatzenest;;;;Westricher Straße;103;Dortmund;;;;384989.5899999354;5707605.21999978;7;Lütgendortmund;730;Lütgendortmund;733;Lütgendortmund-Mitte;101;Lütgendortmund;;;Dortmund
51.53035599459059, 7.607013059943913;XE_SozialEinrichtung;Kindergarten;Kath. Kiga Vom göttlichen Wort;;;;Wickeder Hellweg;59a;Dortmund;;;;403375.3499999736;5709724.869999922;3;Brackel;340;Wickede;342;Wickede Dorf;064;Wickede;;;Dortmund
51.57934597124512, 7.466710884068391;XE_SozialEinrichtung;Kindergarten;Ev. Kiga Brechten;;;;Widumer Straße;17;Dortmund;;;;393757.98999995727;5715367.429999863;1;Eving;110;Brechten;111;Brechten-Nord;041;Brechten/Holthausen;;;Dortmund
51.49801983100459, 7.347564427512384;XE_SozialEinrichtung;Kindergarten;FABIDO TEK;;;;Winandweg;47 a;Dortmund;;;;385298.5099999362;5706503.519999783;7;Lütgendortmund;730;Lütgendortmund;734;Lütgendortmund-Ost;101;Lütgendortmund;;;Dortmund
51.52538311440834, 7.4672526756335555;XE_SozialEinrichtung;Kindergarten;FABIDO TEK Mallinckrodtstraße;;;;Mallinckrodtstraße;57;Dortmund;;;;393669.7718356804;5709365.685126315;20;Innenstadt-Nord;050;Nordmarkt;054;Nordmarkt-Ost;022;Nordmarkt;022;Nordmarkt;Dortmund
51.50295962045215, 7.45424764521881;XE_SozialEinrichtung;Kindergarten;Kath. Kiga Hl. Kreuz;;;;Kreuzstraße;61;Dortmund;;;;392714.95999995485;5706891.069999855;10;Innenstadt-West;010;Westfalenhalle;011;Westfalenhalle;012;Westfalenhalle;;;Dortmund
51.559776232305865, 7.599120041808909;XE_SozialEinrichtung;Kindergarten;Kath. Kiga St. Petrus Canisius;;;;Kühlkamp;13;Dortmund;;;;402890.52999997267;5713007.04999992;2;Scharnhorst;240;Kurl-Husen;244;Husen-Süd;052;Husen/Kurl/Lanstrop;;;Dortmund
51.506759275654936, 7.440234827494973;XE_SozialEinrichtung;Kindergarten;Ährenkorn e.V.,;;;;Kuithanstraße;41;Dortmund;;;;391751.4399999527;5707334.239999846;10;Innenstadt-West;010;Westfalenhalle;013;Tremonia;012;Westfalenhalle;;;Dortmund
51.50571799645946, 7.4409959100536485;XE_SozialEinrichtung;Kindergarten;FABIDO TEK;;;;Kuithanstraße;46;Dortmund;;;;391801.7899999529;5707217.3199998485;10;Innenstadt-West;010;Westfalenhalle;013;Tremonia;012;Westfalenhalle;;;Dortmund
51.573719493099695, 7.500137894865483;XE_SozialEinrichtung;Kindergarten;Natur- und Hof-Kita;;;;Kümper Heide;21;Dortmund;;;;396061.19999996177;5714693.689999878;2;Scharnhorst;210;Derne;211;Altenderne;051;Derne/Hostedde/Kirchderne/Grevel;;;Dortmund
51.51284819457319, 7.452538032924103;XE_SozialEinrichtung;Kindergarten;FABIDO TEK;;;;Lange Straße;12;Dortmund;;;;392619.5599999547;5707993.229999855;10;Innenstadt-West;020;Dorstfelder Brücke;021;Westpark;013;Dorstfelder Brücke;013;Dorstfelder Brücke;Dortmund
51.49940812705603, 7.330266695393589;XE_SozialEinrichtung;Kindergarten;EI Fliewatüt e.V.;;;;Limbecker Straße;70;Dortmund;;;;384101.4099999332;5706685.149999771;7;Lütgendortmund;730;Lütgendortmund;733;Lütgendortmund-Mitte;101;Lütgendortmund;;;Dortmund
51.50179099773437, 7.452429957866509;XE_SozialEinrichtung;Kindergarten;Ev. Kiga St. Nicolai;;;;Lindemannstraße;68a;Dortmund;;;;392586.0599999546;5706763.779999854;10;Innenstadt-West;010;Westfalenhalle;011;Westfalenhalle;012;Westfalenhalle;;;Dortmund
51.55200930317393, 7.446851538201472;XE_SozialEinrichtung;Kindergarten;Johanniter-TEK;;;;Lindenhorster Straße;232;Dortmund;;;;392317.4399999539;5712356.489999851;1;Eving;140;Lindenhorst;140;Lindenhorst;042;Lindenhorst/Eving II;042;Lindenhorst/Eving II;Dortmund
51.51008477294571, 7.458899711683176;XE_SozialEinrichtung;Kindergarten;Ev. Kiga St. Petri;;;;Luisenstraße;15;Dortmund;;;;393054.50999995525;5707676.609999858;10;Innenstadt-West;000;City;003;Cityring-West;011;City;;;Dortmund
51.52748632951475, 7.487043483052079;XE_SozialEinrichtung;Kindergarten;Ev. Kiga Luther;;;;Lutherstraße;20;Dortmund;;;;395047.46999995987;5709570.999999873;20;Innenstadt-Nord;060;Borsigplatz;062;Westfalenhütte;023;Borsigplatz;023;Borsigplatz;Dortmund
51.55138797397662, 7.543121982009104;XE_SozialEinrichtung;Kindergarten;FABIDO TEK;;;;Mackenrothweg;11-13;Dortmund;;;;398990.32999996684;5712150.059999898;2;Scharnhorst;270;Scharnhorst-Ost;270;Scharnhorst-Ost;054;Scharnhorst-Ost;054;Scharnhorst-Ost;Dortmund
51.523517102122064, 7.44918217929325;XE_SozialEinrichtung;Kindergarten;FABIDO TEK;;;;Mallinckrodtstraße;266;Dortmund;;;;392411.8499999542;5709184.589999852;20;Innenstadt-Nord;040;Hafen;042;Hafen-Süd;021;Hafen;021;Hafen;Dortmund
51.501593677787966, 7.4669562653335735;XE_SozialEinrichtung;Kindergarten;Ev. Kiga Paul-Gerhardt;;;;Markgrafenstraße;121;Dortmund;;;;393593.78999995673;5706720.619999861;30;Innenstadt-Ost;090;Ruhrallee;091;Ruhrallee West;032;Südl. Gartenstadt/Ruhrallee/Westfalendamm;;;Dortmund
51.55310334729025, 7.506102419379583;XE_SozialEinrichtung;Kindergarten;Caritas-TEK St. Winfried;;;;Merckenbuschweg;43;Dortmund;;;;396427.67999996245;5712392.589999882;2;Scharnhorst;230;Kirchderne;231;Franz-Zimmer-Siedlung;051;Derne/Hostedde/Kirchderne/Grevel;;;Dortmund
51.53830861766645, 7.6123121503192115;XE_SozialEinrichtung;Kindergarten;FABIDO TEK;;;;Molnerweg;28-30;Dortmund;;;;403759.67999997415;5710602.269999924;3;Brackel;340;Wickede;341;Wickeder Feld;064;Wickede;;;Dortmund
51.52859392972546, 7.459717438576613;XE_SozialEinrichtung;Kindergarten;FABIDO TEK;;;;Münsterstraße;158 c;Dortmund;;;;393154.5799999558;5709733.719999857;20;Innenstadt-Nord;050;Nordmarkt;053;Nordmarkt-West;022;Nordmarkt;022;Nordmarkt;Dortmund
51.4997285216827, 7.590945452504745;XE_SozialEinrichtung;Kindergarten;FABIDO TEK;;;;Nathmerichstraße;25;Dortmund;;;;402195.2899999719;5706340.249999918;4;Aplerbeck;440;Sölde;441;Sölde-Nord;074;Sölde/Sölderholz;;;Dortmund
51.552292740484255, 7.462341055066346;XE_SozialEinrichtung;Kindergarten;Ruhr-Familienbildungszentrum;;;;Oberadener Straße;34;Dortmund;;;;393391.95999995625;5712365.31999986;1;Eving;120;Eving;121;Niedereving;042;Lindenhorst/Eving II;042;Lindenhorst/Eving II;Dortmund
51.57143427727556, 7.512202494864265;XE_SozialEinrichtung;Kindergarten;FABIDO TEK;;;;Oberbeckerstraße;26;Dortmund;;;;396892.04999996297;5714422.479999886;2;Scharnhorst;210;Derne;211;Altenderne;051;Derne/Hostedde/Kirchderne/Grevel;;;Dortmund
51.532375332340344, 7.407746534297019;XE_SozialEinrichtung;Kindergarten;FABIDO TEK;;;;Oberfeldstraße;45;Dortmund;;;;389558.8499999477;5710231.399999828;8;Huckarde;820;Huckarde;821;Mailoh;111;Deusen/Huckarde;;;Dortmund
51.528702238689235, 7.483259282520461;XE_SozialEinrichtung;Kindergarten;EKK TEK Oesterholzstraße;;;;Oesterholzstraße;130;Dortmund;;;;394787.7799999589;5709711.649999872;20;Innenstadt-Nord;060;Borsigplatz;062;Westfalenhütte;023;Borsigplatz;023;Borsigplatz;Dortmund
51.478633442156806, 7.404358109110942;XE_SozialEinrichtung;Kindergarten;Ev. Kiga Eichlinghofen;;;;Persebecker Straße;44;Dortmund;;;;389193.5399999467;5704260.219999825;6;Hombruch;640;Eichlinghofen;641;Eichlinghofen;092;Menglinghausen;;;Dortmund
51.487365043073126, 7.515468377557194;XE_SozialEinrichtung;Kindergarten;AWO TEK Phoenix-See;;;;Phoenisseestraße;25;Dortmund;;;;396928.6799999634;5705068.919999886;5;Hörde;530;Hörde;532;Hörde;082;Hörde;082;Hörde;Dortmund
51.52715719197598, 7.403110057931948;XE_SozialEinrichtung;Kindergarten;Lebenshilfe Kita Huckarde;;;;Rahmer Straße;132;Dortmund;;;;389224.6099999466;5709658.129999825;8;Huckarde;820;Huckarde;823;Wischlingen;111;Deusen/Huckarde;;;Dortmund
51.54602088092183, 7.479413734153035;XE_SozialEinrichtung;Kindergarten;FABIDO TEK;;;;Rotbuchenweg;147;Dortmund;;;;394561.0699999585;5711643.109999869;1;Eving;120;Eving;123;Obereving;043;Eving I/Kemminghausen;043;Eving I/Kemminghausen;Dortmund
51.51637296189512, 7.324974726335485;XE_SozialEinrichtung;Kindergarten;Kath. Kiga Herz-Jesu;;;;Saturnstraße;13 a;Dortmund;;;;383777.28999993217;5708580.079999765;7;Lütgendortmund;710;Bövinghausen;710;Bövinghausen;103;Bövinghausen/Westrich;103;Bövinghausen/Westrich;Dortmund
51.527242409617564, 7.586991225399735;XE_SozialEinrichtung;Kindergarten;EI Kinderspielhaus Asseln e.V.;;;;Schlotweg;10;Dortmund;;;;401979.9099999716;5709405.249999917;3;Brackel;310;Asseln;313;Asseln Hellweg;061;Asseln;;;Dortmund
51.495597964867216, 7.559224644321218;XE_SozialEinrichtung;Kindergarten;Ev. Georgskindergarten;;;;Schmerkottenstraße;15;Dortmund;;;;399984.5599999684;5705923.769999904;4;Aplerbeck;410;Aplerbeck;413;Aplerbecker Markt;071;Aplerbeck;;;Dortmund
51.56486037393141, 7.371485477196476;XE_SozialEinrichtung;Kindergarten;FABIDO TEK;;;;Schragmüllerstraße;25;Dortmund;;;;387124.30999994156;5713899.229999801;9;Mengede;940;Oestrich;940;Oestrich;122;Mengede/Oestrich/Schwieringhausen;;;Dortmund
51.4919294001656, 7.551404276559664;XE_SozialEinrichtung;Kindergarten;EI Villa Regenbogen e.V.;;;;Schüruferstraße;312;Dortmund;;;;399433.6399999676;5705526.519999902;4;Aplerbeck;410;Aplerbeck;413;Aplerbecker Markt;071;Aplerbeck;;;Dortmund
51.49271029801782, 7.562783191024028;XE_SozialEinrichtung;Kindergarten;EI Märker Kinderstube e.V.;;;;Schweizer Allee;10;Dortmund;;;;400225.2699999688;5705597.789999907;4;Aplerbeck;410;Aplerbeck;414;Vieselerhofstraße;071;Aplerbeck;;;Dortmund
51.4889052478417, 7.530387430017571;XE_SozialEinrichtung;Kindergarten;EI Lummerland e.V.;;;;Adelenstraße;12;Dortmund;;;;397967.8999999649;5705219.299999894;4;Aplerbeck;430;Schüren;432;Schüren-Alt;073;Schüren;;;Dortmund
51.48614593247551, 7.437238296685801;XE_SozialEinrichtung;Kindergarten;Kath. Kiga St. Franziskus-Xaverius;;;;Am Beilstück;71;Dortmund;;;;391494.5499999519;5705046.389999845;6;Hombruch;610;Barop;613;Krückenweg;091;Barop/Brünninghausen/Hombruch;;;Dortmund
51.48006917705539, 7.501503376631709;XE_SozialEinrichtung;Kindergarten;AWO Kiga Hörde;;;;Am Bruchheck;71;Dortmund;;;;395942.529999961;5704277.33999988;5;Hörde;530;Hörde;535;Clarenberg;082;Hörde;082;Hörde;Dortmund
51.480804754871066, 7.415376578656046;XE_SozialEinrichtung;Kindergarten;Studierendenwerk Kita im Grünen;;;;Am Gardenkamp;47;Dortmund;;;;389963.87999994843;5704485.05999983;6;Hombruch;640;Eichlinghofen;641;Eichlinghofen;092;Menglinghausen;;;Dortmund
51.55547294199248, 7.599793781854227;XE_SozialEinrichtung;Kindergarten;FABIDO TEK;;;;Am Grenzgraben;15;Dortmund;;;;402928.0699999727;5712527.5999999195;2;Scharnhorst;240;Kurl-Husen;244;Husen-Süd;052;Husen/Kurl/Lanstrop;;;Dortmund
51.44371468637341, 7.524092454577199;XE_SozialEinrichtung;Kindergarten;AWO Kiga Holzen;;;;Am Hasenberg;3;Dortmund;;;;397429.58999996394;5700202.699999891;5;Hörde;540;Holzen;542;Holzen;083;Höchsten/Holzen/Syburg;;;Dortmund
51.4713509428247, 7.421098264350095;XE_SozialEinrichtung;Kindergarten;FABIDO TEK;;;;Am Rüggen;3;Dortmund;;;;390338.4999999495;5703425.179999835;6;Hombruch;690;Menglinghausen;690;Menglinghausen;092;Menglinghausen;;;Dortmund
51.50724545490111, 7.512515670245502;XE_SozialEinrichtung;Kindergarten;Kath. Kiga St. Martin;;;;Am Zehnthof;152;Dortmund;;;;396768.6099999627;5707283.879999885;30;Innenstadt-Ost;080;Westfalendamm;082;Gartenstadt-Nord;031;Kaiserbrunnen/Körne/nördl. Gartenstadt;;;Dortmund
51.51255263292141, 7.474788328314238;XE_SozialEinrichtung;Kindergarten;Jüd. Brückenkindertagesstätte Hagescher;;;;Arndtstraße;15;Dortmund;;;;394162.7699999578;5707927.949999866;30;Innenstadt-Ost;070;Kaiserbrunnen;071;Kaiserbrunnen;031;Kaiserbrunnen/Körne/nördl. Gartenstadt;;;Dortmund
51.565540096357125, 7.366218988359648;XE_SozialEinrichtung;Kindergarten;Ev. Kiga Oestrich;;;;Auf dem Brauck;6;Dortmund;;;;386760.98999994074;5713982.959999798;9;Mengede;940;Oestrich;940;Oestrich;122;Mengede/Oestrich/Schwieringhausen;;;Dortmund
51.51072396882147, 7.533112465278005;XE_SozialEinrichtung;Kindergarten;AWO TEK Rennbahn;;;;Auf dem Hohwart;70;Dortmund;;;;398205.70999996545;5707641.859999893;3;Brackel;330;Wambel;333;Pferderennbahn;063;Wambel;;;Dortmund
51.56792914719272, 7.389441348945169;XE_SozialEinrichtung;Kindergarten;Ev. TEK Erdbeerfeld;;;;Auf der Kohlwiese;11;Dortmund;;;;388376.30999994476;5714212.929999813;9;Mengede;920;Mengede;923;Mengede-Mitte;122;Mengede/Oestrich/Schwieringhausen;;;Dortmund
51.4871513914409, 7.383574944107842;XE_SozialEinrichtung;Kindergarten;Ev. Kiga Eliaskinder in Oespel;;;;Auf der Linnert;16;Dortmund;;;;387771.28999994317;5705239.09999981;7;Lütgendortmund;750;Oespel;750;Oespel;104;Kley/Oespel;;;Dortmund
51.49794488875247, 7.481226308529239;XE_SozialEinrichtung;Kindergarten;AWO TEK Lumiland;;;;Baurat-Marx-Allee;15;Dortmund;;;;394575.77999995847;5706294.2099998705;30;Innenstadt-Ost;090;Ruhrallee;092;Ruhrallee Ost;032;Südl. Gartenstadt/Ruhrallee/Westfalendamm;;;Dortmund
51.55385095683312, 7.482363272785747;XE_SozialEinrichtung;Kindergarten;Caritas-TEK St. Lucia;;;;Bayrische Straße;143-145;Dortmund;;;;394783.649999959;5712509.609999871;1;Eving;120;Eving;123;Obereving;043;Eving I/Kemminghausen;043;Eving I/Kemminghausen;Dortmund
51.474269588222164, 7.510685539460745;XE_SozialEinrichtung;Kindergarten;Kath. Kiga St.Benno;;;;Benninghofer Straße;168;Dortmund;;;;396566.9999999625;5703619.389999883;5;Hörde;510;Benninghofen;512;Loh;081;Benninghofen/Hacheney/Wellinghofen/Wichlinghofen;;;Dortmund
51.4676918085969, 7.516958055082222;XE_SozialEinrichtung;Kindergarten;Waldorf-Kiga Benninghofen;;;;Benninghofer Straße;275;Dortmund;;;;396987.78999996325;5702879.069999887;5;Hörde;510;Benninghofen;512;Loh;081;Benninghofen/Hacheney/Wellinghofen/Wichlinghofen;;;Dortmund
51.51353736714044, 7.503053776197627;XE_SozialEinrichtung;Kindergarten;Lebenshilfe Kita Körne;;;;Berliner Straße;6;Dortmund;;;;396126.2999999616;5707996.959999881;30;Innenstadt-Ost;070;Kaiserbrunnen;073;Körne;031;Kaiserbrunnen/Körne/nördl. Gartenstadt;;;Dortmund
51.50901865450004, 7.452305085128633;XE_SozialEinrichtung;Kindergarten;EI AKK-Kinderladen;;;;Beurhausstraße;75;Dortmund;;;;392594.3899999547;5707567.709999855;10;Innenstadt-West;020;Dorstfelder Brücke;021;Westpark;013;Dorstfelder Brücke;013;Dorstfelder Brücke;Dortmund
51.528741470086096, 7.379973267245223;XE_SozialEinrichtung;Kindergarten;StepKids TEK Zaubertanz;;;;Bothestraße;40;Dortmund;;;;387623.61999994295;5709869.589999808;8;Huckarde;830;Jungferntal-Rahm;831;Jungferntal;112;Rahm/Kirchlinde;;;Dortmund
51.52002431855112, 7.3153758927446955;XE_SozialEinrichtung;Kindergarten;FABIDO TEK;;;;Bövinghauser Straße;88;Dortmund;;;;383120.65999993024;5709001.409999757;7;Lütgendortmund;710;Bövinghausen;710;Bövinghausen;103;Bövinghausen/Westrich;103;Bövinghausen/Westrich;Dortmund
51.558040650596745, 7.393668055920388;XE_SozialEinrichtung;Kindergarten;Caritas-Kiga St. Stephanus;;;;Brinkmannstraße;60;Dortmund;;;;388645.0799999455;5713106.839999815;9;Mengede;930;Nette;930;Nette;123;Nette;123;Nette;Dortmund
51.526595143942906, 7.449605653909328;XE_SozialEinrichtung;Kindergarten;FABIDO TEK;;;;Bülowstraße;10;Dortmund;;;;392448.4799999541;5709526.259999852;20;Innenstadt-Nord;040;Hafen;041;Hafen;021;Hafen;021;Hafen;Dortmund
51.52628543370824, 7.450332941251982;XE_SozialEinrichtung;Kindergarten;FABIDO TEK;;;;Bülowstraße;15;Dortmund;;;;392498.19999995455;5709490.749999853;20;Innenstadt-Nord;040;Hafen;041;Hafen;021;Hafen;021;Hafen;Dortmund
51.53312168607718, 7.464469672303803;XE_SozialEinrichtung;Kindergarten;AWO TEK Burgholzstraße;;;;Burgholzstraße;148a;Dortmund;;;;393494.77999995626;5710230.29999986;20;Innenstadt-Nord;050;Nordmarkt;053;Nordmarkt-West;022;Nordmarkt;022;Nordmarkt;Dortmund
51.52892282790268, 7.4643366047787625;XE_SozialEinrichtung;Kindergarten;AWO TEK Burgholzstraße/Braunschweiger Str.;;;;Burgholzstraße;73;Dortmund;;;;393475.74999995646;5709763.55999986;20;Innenstadt-Nord;050;Nordmarkt;054;Nordmarkt-Ost;022;Nordmarkt;022;Nordmarkt;Dortmund
51.54732973975021, 7.545041753222492;XE_SozialEinrichtung;Kindergarten;DRK-Kita Beerenbande;;;;Buschei;28a;Dortmund;;;;399114.4499999671;5711696.1099999;2;Scharnhorst;270;Scharnhorst-Ost;270;Scharnhorst-Ost;054;Scharnhorst-Ost;054;Scharnhorst-Ost;Dortmund
51.54770791904018, 7.545967163038899;XE_SozialEinrichtung;Kindergarten;FABDIO TEK;;;;Buschei;30;Dortmund;;;;399179.44999996724;5711736.889999898;2;Scharnhorst;270;Scharnhorst-Ost;270;Scharnhorst-Ost;054;Scharnhorst-Ost;054;Scharnhorst-Ost;Dortmund
51.551616075352776, 7.546526818229763;XE_SozialEinrichtung;Kindergarten;Ev. Kiga Schalom;;;;Buschei;96;Dortmund;;;;399226.8899999673;5712170.729999901;2;Scharnhorst;270;Scharnhorst-Ost;270;Scharnhorst-Ost;054;Scharnhorst-Ost;054;Scharnhorst-Ost;Dortmund
51.47843442492326, 7.527387066759581;XE_SozialEinrichtung;Kindergarten;Kath. Kiga St. Joseph;;;;Busenbergstraße;7;Dortmund;;;;397736.1799999647;5704059.079999893;4;Aplerbeck;420;Berghofen;421;Berghofen Dorf;072;Berghofen;;;Dortmund
51.56134101854409, 7.3952228571879015;XE_SozialEinrichtung;Kindergarten;FABIDO TEK;;;;Dachstraße;38;Dortmund;;;;388760.90999994584;5713471.489999819;9;Mengede;930;Nette;930;Nette;123;Nette;123;Nette;Dortmund
51.57374628999727, 7.516457015025949;XE_SozialEinrichtung;Kindergarten;FABIDO TEK;;;;Derner Kippshof;36 a;Dortmund;;;;397192.0999999638;5714673.599999887;2;Scharnhorst;210;Derne;212;Derne;051;Derne/Hostedde/Kirchderne/Grevel;;;Dortmund
51.52157928619571, 7.516731037753723;XE_SozialEinrichtung;Kindergarten;Ev. Kiga Jakobus;;;;Eichendorffstraße;29;Dortmund;;;;397093.44999996363;5708871.939999887;3;Brackel;330;Wambel;331;Wambel Dorf;063;Wambel;;;Dortmund
51.45720470642805, 7.4424767962613;XE_SozialEinrichtung;Kindergarten;FABIDO TEK;;;;Eichhoffstraße;20;Dortmund;;;;391789.7899999528;5701820.269999848;6;Hombruch;670;Kirchhörde-Löttringhausen;676;Löttringhausen-Nord;093;Kirchhörde/Löttringhausen/Lücklemberg;;;Dortmund
51.50115834584059, 7.558401068950879;XE_SozialEinrichtung;Kindergarten;FABIDO TEK;;;;Erbpachtstraße;44;Dortmund;;;;399939.5699999681;5706543.239999906;4;Aplerbeck;410;Aplerbeck;412;Marsbruchstraße;071;Aplerbeck;;;Dortmund
51.48353791008517, 7.494216215629352;XE_SozialEinrichtung;Kindergarten;Kath. Kiga Herz Jesu;;;;Ermlinghofer Straße;23;Dortmund;;;;395444.4599999604;5704673.459999876;5;Hörde;530;Hörde;533;Phönix-West;082;Hörde;082;Hörde;Dortmund
51.55500688304755, 7.595754113928926;XE_SozialEinrichtung;Kindergarten;Ev. Kiga Husen/Kurl;;;;Flemerskamp;116;Dortmund;;;;402647.0299999723;5712481.139999918;2;Scharnhorst;240;Kurl-Husen;244;Husen-Süd;052;Husen/Kurl/Lanstrop;;;Dortmund
51.53216583972349, 7.453398323093633;XE_SozialEinrichtung;Kindergarten;FABIDO TEK;;;;Fliederstraße;27;Dortmund;;;;392724.659999955;5710140.179999854;20;Innenstadt-Nord;040;Hafen;041;Hafen;021;Hafen;021;Hafen;Dortmund
51.498803128403566, 7.420024616184544;XE_SozialEinrichtung;Kindergarten;FABIDO TEK;;;;Friedrich-Henkel-Weg;16 a;Dortmund;;;;390329.8199999492;5706479.569999835;10;Innenstadt-West;030;Dorstfeld;032;Dorstfeld;014;Dorstfeld;014;Dorstfeld;Dortmund
51.50414582182447, 7.369257489493816;XE_SozialEinrichtung;Kindergarten;EI Kita DO-West e.V.;;;;Froschlake;10;Dortmund;;;;386819.3899999408;5707150.979999801;7;Lütgendortmund;740;Marten;741;Germania;102;Marten;102;Marten;Dortmund
51.552392290120395, 7.5466574243851605;XE_SozialEinrichtung;Kindergarten;Kath. Kiga Franziskus;;;;Gleiwitzstraße;287;Dortmund;;;;399237.6599999673;5712256.8699999;2;Scharnhorst;270;Scharnhorst-Ost;270;Scharnhorst-Ost;054;Scharnhorst-Ost;054;Scharnhorst-Ost;Dortmund
51.52214271160947, 7.447544942609171;XE_SozialEinrichtung;Kindergarten;Kath. Kiga St. Aposteln;;;;Gneisenaustraße;62 a;Dortmund;;;;392295.0299999537;5709034.159999851;20;Innenstadt-Nord;040;Hafen;042;Hafen-Süd;021;Hafen;021;Hafen;Dortmund
51.46058952496121, 7.411131225342398;XE_SozialEinrichtung;Kindergarten;FABIDO TEK;;;;Grotenkamp;29-31;Dortmund;;;;389620.3199999475;5702243.449999829;6;Hombruch;660;Persebeck-Kruckel-Schnee;661;Persebeck;092;Menglinghausen;;;Dortmund
51.47674931766854, 7.472704588745585;XE_SozialEinrichtung;Kindergarten;FABIDO TEK;;;;Hacheneyer Straße;185;Dortmund;;;;393935.10999995715;5703949.479999866;5;Hörde;520;Hacheney;521;Schulzentrum Hacheney;081;Benninghofen/Hacheney/Wellinghofen/Wichlinghofen;;;Dortmund
51.517131747008044, 7.504141582027157;XE_SozialEinrichtung;Kindergarten;Ev. Kiga Matthaeus;;;;Hallesche Straße;118;Dortmund;;;;396209.94999996206;5708395.129999881;30;Innenstadt-Ost;070;Kaiserbrunnen;073;Körne;031;Kaiserbrunnen/Körne/nördl. Gartenstadt;;;Dortmund
51.51412289572652, 7.479102909779365;XE_SozialEinrichtung;Kindergarten;EI Kleiner Prinz e.V.;;;;Hamburger Straße;41;Dortmund;;;;394465.77999995823;5708096.339999868;30;Innenstadt-Ost;070;Kaiserbrunnen;071;Kaiserbrunnen;031;Kaiserbrunnen/Körne/nördl. Gartenstadt;;;Dortmund
51.52743699896571, 7.521160450571308;XE_SozialEinrichtung;Kindergarten;Caritas-TEK St. Angela;;;;Hannöversche Straße;116;Dortmund;;;;397413.9049999648;5709517.129999889;3;Brackel;330;Wambel;331;Wambel Dorf;063;Wambel;;;Dortmund
51.52622554627227, 7.4574622613794785;XE_SozialEinrichtung;Kindergarten;FABIDO TEK;;;;Haydnstraße;14;Dortmund;;;;392992.5999999555;5709473.639999855;20;Innenstadt-Nord;050;Nordmarkt;053;Nordmarkt-West;022;Nordmarkt;022;Nordmarkt;Dortmund
51.486746729507075, 7.438035302128083;XE_SozialEinrichtung;Kindergarten;FABIDO TEK;;;;Heinrich-Staubach-Straße;2;Dortmund;;;;391551.30999995227;5705112.019999844;6;Hombruch;610;Barop;613;Krückenweg;091;Barop/Brünninghausen/Hombruch;;;Dortmund
51.48359807628912, 7.5444287808144965;XE_SozialEinrichtung;Kindergarten;AWO TEK Heliosweg;;;;Heliosweg;15;Dortmund;;;;398930.97999996657;5704609.639999899;4;Aplerbeck;420;Berghofen;422;Ostkirchstraße;072;Berghofen;;;Dortmund
51.52316476901126, 7.467978413209584;XE_SozialEinrichtung;Kindergarten;Ev. Kiga Johannes;;;;Heroldstraße;34;Dortmund;;;;393714.94999995705;5709117.939999864;20;Innenstadt-Nord;050;Nordmarkt;051;Nordmarkt-Süd;022;Nordmarkt;022;Nordmarkt;Dortmund
51.46034039356086, 7.534010631372747;XE_SozialEinrichtung;Kindergarten;Kath. Kiga St. Kunigunde;;;;Höchstener Straße;78;Dortmund;;;;398155.83999996516;5702037.709999895;4;Aplerbeck;420;Berghofen;423;Berghofer Mark;072;Berghofen;;;Dortmund
51.51680850175507, 7.562757205056737;XE_SozialEinrichtung;Kindergarten;EI Ali Baba e.V.;;;;Holzwickeder Straße;113;Dortmund;;;;400276.0899999687;5708277.679999907;3;Brackel;320;Brackel;328;Funkturmsiedlung;062;Brackel;;;Dortmund
51.46860419193167, 7.500879989878668;XE_SozialEinrichtung;Kindergarten;FABIDO TEK;;;;Hopmanns Mühlenweg;7;Dortmund;;;;395873.1399999613;5703003.269999879;5;Hörde;560;Wellinghofen;561;Wellinghofen;081;Benninghofen/Hacheney/Wellinghofen/Wichlinghofen;;;Dortmund
51.56596108771565, 7.534854566616375;XE_SozialEinrichtung;Kindergarten;FABIDO TEK;;;;Hostedder Straße;55;Dortmund;;;;398449.619999966;5713782.129999895;2;Scharnhorst;220;Hostedde;222;Hostedde;051;Derne/Hostedde/Kirchderne/Grevel;;;Dortmund
51.509748833809304, 7.454452483265203;XE_SozialEinrichtung;Kindergarten;FABIDO TEK;;;;Humboldstraße;61-63;Dortmund;;;;392745.1199999549;5707645.7599998545;10;Innenstadt-West;020;Dorstfelder Brücke;021;Westpark;013;Dorstfelder Brücke;013;Dorstfelder Brücke;Dortmund
51.55552702400739, 7.590200155950212;XE_SozialEinrichtung;Kindergarten;Consol-TEK;;;;Husener Eichwaldstraße;266a;Dortmund;;;;402263.11999997194;5712546.389999917;2;Scharnhorst;240;Kurl-Husen;244;Husen-Süd;052;Husen/Kurl/Lanstrop;;;Dortmund
51.57702514449547, 7.467062340176653;XE_SozialEinrichtung;Kindergarten;Kath. Kiga St. Antonius;;;;Im Dorfe;23 a;Dortmund;;;;393776.92999995715;5715108.829999862;1;Eving;110;Brechten;111;Brechten-Nord;041;Brechten/Holthausen;;;Dortmund
51.529202480985646, 7.3869525028377545;XE_SozialEinrichtung;Kindergarten;Kath. Hl. Kreuz-Kiga;;;;Jungferntalstraße;47 a;Dortmund;;;;388108.8499999441;5709910.159999812;8;Huckarde;830;Jungferntal-Rahm;831;Jungferntal;112;Rahm/Kirchlinde;;;Dortmund
51.51469325918543, 7.490942819700318;XE_SozialEinrichtung;Kindergarten;Ev. Kiga Melanchthon;;;;Karl-Lücking Straße;6;Dortmund;;;;395288.60999995994;5708142.759999874;30;Innenstadt-Ost;070;Kaiserbrunnen;072;Funkenburg;031;Kaiserbrunnen/Körne/nördl. Gartenstadt;;;Dortmund
51.55927666909004, 7.385564439176683;XE_SozialEinrichtung;Kindergarten;Ev. Kiga Nette;;;;Karl-Schurz-Straße;16;Dortmund;;;;388086.38499994366;5713256.659999812;9;Mengede;930;Nette;930;Nette;123;Nette;123;Nette;Dortmund
51.50552190390428, 7.321076611264984;XE_SozialEinrichtung;Kindergarten;FABIDO TEK;;;;Käthe-Schaub-Weg;33;Dortmund;;;;383479.1499999311;5707379.609999761;7;Lütgendortmund;730;Lütgendortmund;732;Deipenbeck;101;Lütgendortmund;;;Dortmund
51.50088673754196, 7.338900661624123;XE_SozialEinrichtung;Kindergarten;Ev. Jona-Kindergarten an der Keplerstraße;;;;Keplerstraße;3;Dortmund;;;;384704.3999999347;5706835.939999777;7;Lütgendortmund;730;Lütgendortmund;733;Lütgendortmund-Mitte;101;Lütgendortmund;;;Dortmund
51.51970761790109, 7.448378435316471;XE_SozialEinrichtung;Kindergarten;EI Pfiffikus e.V.;;;;Kesselstraße;45;Dortmund;;;;392347.10999995394;5708762.139999851;20;Innenstadt-Nord;040;Hafen;042;Hafen-Süd;021;Hafen;021;Hafen;Dortmund
51.52188691812446, 7.467645799615272;XE_SozialEinrichtung;Kindergarten;DRK-Kita Sandkorn;;;;Kielstraße;25;Dortmund;;;;393688.89999995683;5708976.319999863;20;Innenstadt-Nord;050;Nordmarkt;051;Nordmarkt-Süd;022;Nordmarkt;022;Nordmarkt;Dortmund
51.513286347149, 7.461858662925343;XE_SozialEinrichtung;KinderbetreuungKurzzeit;Caritasverband Dortmund;KathTrägerkreis Kindertagespflege KTK;;;Propsteihof;10;Dortmund;http://www.caritasdortmund.de/web/index.php?id=340/;;;393267.32;5708028.32;10;Innenstadt-West;000;City;002;City-West;011;City;;;Dortmund
51.507715101607545, 7.415576257706245;XE_SozialEinrichtung;Kindergarten;FABIDO TEK;;;;Kortental;39;Dortmund;;;;390042.51999994885;5707477.289999832;10;Innenstadt-West;030;Dorstfeld;032;Dorstfeld;014;Dorstfeld;014;Dorstfeld;Dortmund
51.51034684185518, 7.481187989353822;XE_SozialEinrichtung;Kindergarten;S.O.S. Kinderdorf TEK;;;;Kronprinzenstraße;89-93;Dortmund;;;;394601.7399999589;5707673.419999869;30;Innenstadt-Ost;070;Kaiserbrunnen;071;Kaiserbrunnen;031;Kaiserbrunnen/Körne/nördl. Gartenstadt;;;Dortmund
51.453638447702936, 7.420413257824096;XE_SozialEinrichtung;Kindergarten;EI Kleine Strolche e.V.;;;;Kruckeler Straße;209;Dortmund;;;;390248.43999994925;5701456.519999833;6;Hombruch;660;Persebeck-Kruckel-Schnee;662;Kruckel;092;Menglinghausen;;;Dortmund
51.50347402437584, 7.364804026344536;XE_SozialEinrichtung;Kindergarten;Kath. Kiga St. Laurentius;;;;Lina-Schäfer-Straße;10;Dortmund;;;;386508.6499999397;5707083.169999797;7;Lütgendortmund;740;Marten;741;Germania;102;Marten;102;Marten;Dortmund
51.50103744737982, 7.359206052291204;XE_SozialEinrichtung;Kindergarten;Ev. Stephanus-Kiga;;;;Lina-Schäfer-Straße;42;Dortmund;;;;386114.0699999386;5706820.909999793;7;Lütgendortmund;740;Marten;741;Germania;102;Marten;102;Marten;Dortmund
51.528479585654345, 7.461789955098171;XE_SozialEinrichtung;Kindergarten;Stadtteilschule Kita Weltenbummler;;;;Lortzingstraße;49;Dortmund;;;;393298.0699999559;5709717.97999986;20;Innenstadt-Nord;050;Nordmarkt;053;Nordmarkt-West;022;Nordmarkt;022;Nordmarkt;Dortmund
51.500855894038125, 7.3325960302495385;XE_SozialEinrichtung;Kindergarten;Kath. Kiga St. Magdalena;;;;Marienborn;14;Dortmund;;;;384266.7499999336;5706842.459999772;7;Lütgendortmund;730;Lütgendortmund;733;Lütgendortmund-Mitte;101;Lütgendortmund;;;Dortmund
51.57344937239302, 7.384362167127419;XE_SozialEinrichtung;Kindergarten;EI Kindernest Sterntaler e.V.;;;;Mengeder Straße;675;Dortmund;;;;388037.86999994394;5714834.569999811;9;Mengede;920;Mengede;923;Mengede-Mitte;122;Mengede/Oestrich/Schwieringhausen;;;Dortmund
51.472932086092385, 7.462431545131127;XE_SozialEinrichtung;Kindergarten;Waldorf-Kiga Brünninghausen;;;;Mergelteichstraße;43;Dortmund;;;;393212.80999995593;5703539.919999859;6;Hombruch;680;Rombergpark-Lücklemberg;681;Rombergpark;091;Barop/Brünninghausen/Hombruch;;;Dortmund
51.53988914508769, 7.618541006303486;XE_SozialEinrichtung;Kindergarten;Ev. Kiga Meylantstraße;;;;Meylantstraße;79;Dortmund;;;;404194.9699999748;5710769.859999927;3;Brackel;340;Wickede;341;Wickeder Feld;064;Wickede;;Meylantviertel;Dortmund
51.52455724006828, 7.474041820161526;XE_SozialEinrichtung;Kindergarten;Kath. Kiga St. Antonius;;;;Missundestraße;78;Dortmund;;;;394138.8099999578;5709263.999999865;20;Innenstadt-Nord;050;Nordmarkt;052;Nordmarkt-Südost;022;Nordmarkt;022;Nordmarkt;Dortmund
51.48275935512041, 7.488423204781325;XE_SozialEinrichtung;Kindergarten;AWO TEK Nortkirchenstraße;;;;Nortkirchenstraße;33;Dortmund;;;;395040.44999995973;5704595.169999874;5;Hörde;530;Hörde;533;Phönix-West;082;Hörde;082;Hörde;Dortmund
51.50203172684511, 7.418131918096548;XE_SozialEinrichtung;Kindergarten;EI Rasselbande e.V.;;;;Oberbank;6;Dortmund;;;;390206.20999994915;5706841.439999836;10;Innenstadt-West;030;Dorstfeld;032;Dorstfeld;014;Dorstfeld;014;Dorstfeld;Dortmund
51.5046377182126, 7.502775293455408;XE_SozialEinrichtung;Kindergarten;Ev. Kiga Gänseblümchen;;;;Obere Brinkstraße;4 a;Dortmund;;;;396086.72999996156;5707007.669999882;30;Innenstadt-Ost;080;Westfalendamm;082;Gartenstadt-Nord;031;Kaiserbrunnen/Körne/nördl. Gartenstadt;;;Dortmund
51.46085527349553, 7.468974814805224;XE_SozialEinrichtung;Kindergarten;FABIDO TEK;;;;Olpketalstraße;85;Dortmund;;;;393639.1499999566;5702187.409999864;6;Hombruch;680;Rombergpark-Lücklemberg;682;Lücklemberg;093;Kirchhörde/Löttringhausen/Lücklemberg;;;Dortmund
51.527132487752155, 7.409246683648158;XE_SozialEinrichtung;Kindergarten;Lebenshilfe Kita Muku;;;;Oskarweg;50;Dortmund;;;;389650.21999994805;5709646.109999828;8;Huckarde;820;Huckarde;824;Huckarde;111;Deusen/Huckarde;;;Dortmund
51.47419990190304, 7.507411770447479;XE_SozialEinrichtung;Kindergarten;EI Freie Kindergr. DO-Süd e.V. Die Klabauterkinder;;;;Overgünne;119;Dortmund;;;;396339.4899999623;5703616.269999882;5;Hörde;510;Benninghofen;512;Loh;081;Benninghofen/Hacheney/Wellinghofen/Wichlinghofen;;;Dortmund
51.51556178231118, 7.5113379122462;XE_SozialEinrichtung;Kindergarten;Kath. Kiga St. Liborius;;;;Paderborner Straße;125;Dortmund;;;;396705.6899999627;5708210.359999885;30;Innenstadt-Ost;070;Kaiserbrunnen;073;Körne;031;Kaiserbrunnen/Körne/nördl. Gartenstadt;;;Dortmund
51.55297680410362, 7.4894003398639;XE_SozialEinrichtung;Kindergarten;FABIDO TEK;;;;Preußische Straße;183;Dortmund;;;;395269.4899999602;5712402.299999874;1;Eving;120;Eving;123;Obereving;043;Eving I/Kemminghausen;043;Eving I/Kemminghausen;Dortmund
51.5494256522073, 7.457097772235336;XE_SozialEinrichtung;Kindergarten;FABIDO TEK;;;;Probstheidastraße;2;Dortmund;;;;393021.7299999554;5712054.139999855;1;Eving;120;Eving;121;Niedereving;042;Lindenhorst/Eving II;042;Lindenhorst/Eving II;Dortmund
51.52207612822686, 7.323495202613813;XE_SozialEinrichtung;Kindergarten;Ev. Kinder-Arche Bövinghausen;;;;Provinzialstraße;410 a;Dortmund;;;;383689.1699999318;5709216.639999764;7;Lütgendortmund;710;Bövinghausen;710;Bövinghausen;103;Bövinghausen/Westrich;103;Bövinghausen/Westrich;Dortmund
51.513157476743835, 7.443698812694732;XE_SozialEinrichtung;Kindergarten;El Freie Kita Dortmund e. V.;;;;Rheinische Straße;89;Dortmund;;;;392006.9599999533;5708040.629999849;10;Innenstadt-West;020;Dorstfelder Brücke;022;Dorstfelder Brücke;013;Dorstfelder Brücke;013;Dorstfelder Brücke;Dortmund
51.53030713992693, 7.456073232945197;XE_SozialEinrichtung;Kindergarten;Kath. Kiga St. Gertrudis;;;;Rückertstraße;4;Dortmund;;;;392905.82499995537;5709929.564999855;20;Innenstadt-Nord;040;Hafen;041;Hafen;021;Hafen;021;Hafen;Dortmund
51.525954732694814, 7.481343463292139;XE_SozialEinrichtung;Kindergarten;EI Die Zwergnasen e.V.;;;;Schlosserstraße;37;Dortmund;;;;394648.54999995866;5709408.86999987;20;Innenstadt-Nord;060;Borsigplatz;062;Westfalenhütte;023;Borsigplatz;023;Borsigplatz;Dortmund
51.50823914622662, 7.384697118742052;XE_SozialEinrichtung;Kindergarten;Kath. Kiga Hl. Fam.;;;;Schulte-Heuthaus-Straße;30;Dortmund;;;;387900.9499999436;5707582.409999811;7;Lütgendortmund;740;Marten;742;Marten;102;Marten;102;Marten;Dortmund
51.493956608215235, 7.534012960641905;XE_SozialEinrichtung;Kindergarten;Ev. Kiga Schüren;;;;Schürener Straße;61;Dortmund;;;;398230.8499999655;5705775.989999895;4;Aplerbeck;430;Schüren;432;Schüren-Alt;073;Schüren;;;Dortmund
51.51241700074792, 7.563527805401671;XE_SozialEinrichtung;Kindergarten;El Kinderspielhaus Phönix e. V.;;;;Schwarzer Weg;86;Dortmund;;;;400319.9699999691;5707788.269999907;3;Brackel;320;Brackel;328;Funkturmsiedlung;062;Brackel;;;Dortmund
51.50021149232596, 7.415915479322801;XE_SozialEinrichtung;Kindergarten;FABIDO TEK;;;;Sengsbank;31;Dortmund;;;;390047.9999999488;5706642.349999833;10;Innenstadt-West;030;Dorstfeld;033;Oberdorstfeld;014;Dorstfeld;014;Dorstfeld;Dortmund
51.54522299491507, 7.531040527094064;XE_SozialEinrichtung;Kindergarten;FABIDO TEK;;;;Siegfried-Drupp-Straße;3;Dortmund;;;;398138.9599999652;5711481.229999893;2;Scharnhorst;260;Alt-Scharnhorst;261;Msa-Siedlung;053;Alt-Scharnhorst;;;Dortmund
51.49258639673557, 7.587555452998302;XE_SozialEinrichtung;Kindergarten;Caritas-TEK St. Marien;;;;Sölder Straße;146;Dortmund;;;;401944.6699999714;5705550.539999915;4;Aplerbeck;440;Sölde;442;Sölde-Süd;074;Sölde/Sölderholz;;;Dortmund
51.54702823589764, 7.376669964228034;XE_SozialEinrichtung;Kindergarten;FABIDO TEK;;;;Speckestraße;15;Dortmund;;;;387439.6199999424;5711908.229999806;9;Mengede;910;Bodelschwingh;910;Bodelschwingh;121;Bodelschwingh/Westerfilde;121;Bodelschwingh/Westerfilde;Dortmund
51.54732197779876, 7.377394927985862;XE_SozialEinrichtung;Kindergarten;FABIDO TEK;;;;Speckestraße;17;Dortmund;;;;387490.60999994236;5711939.779999807;9;Mengede;910;Bodelschwingh;910;Bodelschwingh;121;Bodelschwingh/Westerfilde;121;Bodelschwingh/Westerfilde;Dortmund
51.444419444635464, 7.45823547246066;XE_SozialEinrichtung;Kindergarten;imedo e.V. Montessori School Barbara House;;;;Spissenagelstraße;23;Dortmund;;;;392854.64999995497;5700375.339999856;6;Hombruch;620;Bittermark;620;Bittermark;093;Kirchhörde/Löttringhausen/Lücklemberg;;;Dortmund
51.52341287454335, 7.478555825451646;XE_SozialEinrichtung;Kindergarten;EI Bienchen  e.V.;;;;Stahlwerkstraße;30;Dortmund;;;;394449.29999995825;5709130.2199998675;20;Innenstadt-Nord;060;Borsigplatz;061;Borsigplatz;023;Borsigplatz;023;Borsigplatz;Dortmund
51.51079089606372, 7.4409133741005515;XE_SozialEinrichtung;Kindergarten;Ev. Kiga Martin;;;;Sternstraße;23;Dortmund;;;;391808.07999995287;5707781.569999847;10;Innenstadt-West;020;Dorstfelder Brücke;022;Dorstfelder Brücke;013;Dorstfelder Brücke;013;Dorstfelder Brücke;Dortmund
51.50733779636698, 7.5195221071896565;XE_SozialEinrichtung;Kindergarten;Ev. Kiga Heliand-Ost;;;;Stille Gasse;24;Dortmund;;;;397255.03999996383;5707284.289999887;30;Innenstadt-Ost;080;Westfalendamm;082;Gartenstadt-Nord;031;Kaiserbrunnen/Körne/nördl. Gartenstadt;;;Dortmund
51.527290083370175, 7.469697193853457;XE_SozialEinrichtung;Kindergarten;FABIDO TEK;;;;Stollenstraße;40;Dortmund;;;;393843.77999995695;5709574.199999863;20;Innenstadt-Nord;050;Nordmarkt;054;Nordmarkt-Ost;022;Nordmarkt;022;Nordmarkt;Dortmund
51.47864414106018, 7.407433521233302;XE_SozialEinrichtung;Kindergarten;EI Maulwurf e.V.;;;;Stortsweg;50;Dortmund;;;;389407.11999994726;5704256.759999827;6;Hombruch;640;Eichlinghofen;641;Eichlinghofen;092;Menglinghausen;;;Dortmund
51.49791341159809, 7.502813707099447;XE_SozialEinrichtung;Kindergarten;FABIDO TEK;;;;Strohnstraße;2;Dortmund;;;;396074.0999999616;5706259.839999882;30;Innenstadt-Ost;080;Westfalendamm;084;Gartenstadt-Süd;032;Südl. Gartenstadt/Ruhrallee/Westfalendamm;;;Dortmund
51.51409351957217, 7.421642276758726;XE_SozialEinrichtung;Kindergarten;Kath. Kiga St. Barbara;;;;Teutoburger Straße;16;Dortmund;;;;390478.7699999499;5708177.499999837;10;Innenstadt-West;030;Dorstfeld;031;Hallerey;014;Dorstfeld;014;Dorstfeld;Dortmund
51.51879303944992, 7.450299731736879;XE_SozialEinrichtung;Kindergarten;FABIDO TEK;;;;Treibstraße;37;Dortmund;;;;392478.2499999543;5708657.609999853;20;Innenstadt-Nord;040;Hafen;043;Hafen-Südost;021;Hafen;021;Hafen;Dortmund
51.499792750330975, 7.403577510247818;XE_SozialEinrichtung;Kindergarten;EKK TEK Oberdorstfeld;;;;Trippestraße;16;Dortmund;;;;389190.6499999466;5706614.389999825;10;Innenstadt-West;030;Dorstfeld;033;Oberdorstfeld;014;Dorstfeld;014;Dorstfeld;Dortmund
51.44461604596505, 7.527112964212038;XE_SozialEinrichtung;Kindergarten;"EI ""Die Hasenburg""";;;;Vorhölter Straße;29;Dortmund;;;;397641.5099999642;5700298.709999893;5;Hörde;540;Holzen;542;Holzen;083;Höchsten/Holzen/Syburg;;;Dortmund
51.53930078269844, 7.513873513037639;XE_SozialEinrichtung;Kindergarten;EI Elternselbsthilfe DO-Nord e.V.;;;;Wambeler Heide;33;Dortmund;;;;396935.23999996344;5710846.689999886;2;Scharnhorst;260;Alt-Scharnhorst;262;Alt-Scharnhorst;053;Alt-Scharnhorst;;Wambeler Heide;Dortmund
51.54935104509855, 7.380610413340068;XE_SozialEinrichtung;Kindergarten;FABIDO TEK;;;;Wattenscheidskamp;12-15;Dortmund;;;;387718.5499999429;5712160.479999809;9;Mengede;910;Bodelschwingh;910;Bodelschwingh;121;Bodelschwingh/Westerfilde;121;Bodelschwingh/Westerfilde;Dortmund
51.49306055789042, 7.506480451098809;XE_SozialEinrichtung;Kindergarten;Caritas-Montessori Kinderhaus am Phoenix-See;;;;Weingartenstraße;50;Dortmund;;;;396317.59999996214;5705714.979999883;5;Hörde;530;Hörde;531;Remberg;082;Hörde;082;Hörde;Dortmund
51.53296310572928, 7.395782815569926;XE_SozialEinrichtung;Kindergarten;AWO TEK Welkener Straße;;;;Welkener Straße;18a;Dortmund;;;;388730.5099999454;5710314.889999819;8;Huckarde;820;Huckarde;822;Erpinghofsiedlung;111;Deusen/Huckarde;;;Dortmund
51.46690805720147, 7.483374230786634;XE_SozialEinrichtung;Kindergarten;Ev. Kiga Wellinghofen;;;;Wellinghofer Amtsstraße;72 a;Dortmund;;;;394653.3699999589;5702839.68999987;5;Hörde;560;Wellinghofen;561;Wellinghofen;081;Benninghofen/Hacheney/Wellinghofen/Wichlinghofen;;;Dortmund
51.50083882973499, 7.4217127130784215;XE_SozialEinrichtung;Kindergarten;FABIDO TEK;;;;Wetterstraße;36-38;Dortmund;;;;390451.8699999499;5706703.419999837;10;Innenstadt-West;030;Dorstfeld;032;Dorstfeld;014;Dorstfeld;014;Dorstfeld;Dortmund
51.49454920247305, 7.493582969822555;XE_SozialEinrichtung;Kindergarten;EI Löwenzahn e.V.;;;;Willem-van-Vloten-Straße;7 a;Dortmund;;;;395425.68999996025;5705898.869999875;5;Hörde;530;Hörde;531;Remberg;082;Hörde;082;Hörde;Dortmund
